1,坚定不移
2,随时随地
3,全力以赴
4,丰富多彩
5,余波未平
6,脱颖而出
7,实事求是
8,一如既往
9,众所周知
10,一年一度
11,因地制宜
12,千方百计
13,息息相关
14,层出不穷
15,引人注目
16,当务之急
17,滥用职权
18,深入人心
19,解放思想
20,见义勇为
21,敲诈勒索
22,名不虚传
23,来之不易
24,名副其实
25,下落不明
26,坚持不懈
27,源源不断
28,络绎不绝
29,弄虚作假
30,不可思议
31,不正之风
32,小心翼翼
33,长治久安
34,如火如荼
35,不折不扣
36,后顾之忧
37,纸醉金迷
38,力所能及
39,供不应求
40,一目了然
41,显而易见
42,持之以恒
43,成千上万
44,大街小巷
45,可想而知
46,安居乐业
47,齐心协力
48,得天独厚
49,一见钟情
50,艰苦奋斗
51,全心全意
52,独一无二
53,不约而同
54,紧锣密鼓
55,五花八门
56,一应俱全
57,应运而生
58,与众不同
59,触目惊心
60,屡见不鲜
61,无独有偶
62,行之有效
63,不知不觉
64,大势所趋
65,千家万户
66,心有余悸
67,不得而知
68,前所未有
69,迫不及待
70,雪上加霜
71,迫在眉睫
72,此起彼伏
73,脚踏实地
74,意想不到
75,错综复杂
76,无可厚非
77,源远流长
78,举一反三
79,循序渐进
80,不遗余力
81,不言而喻
82,讨价还价
83,深恶痛绝
84,三位一体
85,截然不同
86,记忆犹新
87,喜闻乐见
88,家喻户晓
89,日新月异
90,取而代之
91,莫名其妙
92,名列前茅
93,排忧解难
94,各式各样
95,玩忽职守
96,任重道远
97,奋发有为
98,举足轻重
99,比比皆是
100,卓有成效
101,落地生根
102,势在必行
103,史无前例
104,理所当然
105,耳熟能详
106,由来已久
107,一模一样
108,厉行节约
109,恶性循环
110,铤而走险
111,举世瞩目
112,再接再厉
113,足不出户
114,翻天覆地
115,非同寻常
116,挨家挨户
117,不翼而飞
118,参差不齐
119,水涨船高
120,沸沸扬扬
121,先发制人
122,轩然大波
123,土生土长
124,出人意料
125,统筹兼顾
126,明察暗访
127,刻不容缓
128,融为一体
129,焕然一新
130,以身作则
131,潜移默化
132,风口浪尖
133,有条不紊
134,归根结底
135,发扬光大
136,旗帜鲜明
137,万无一失
138,可见一斑
139,一视同仁
140,相辅相成
141,淋漓尽致
142,耳目一新
143,不了了之
144,热火朝天
145,有目共睹
146,久而久之
147,视而不见
148,自强不息
149,以权谋私
150,继往开来
151,赞不绝口
152,义不容辞
153,未雨绸缪
154,一举一动
155,绳之以法
156,尽如人意
157,有所作为
158,对症下药
159,出谋划策
160,四面八方
161,首当其冲
162,马不停蹄
163,不以为然
164,必由之路
165,所作所为
166,一蹴而就
167,人满为患
168,身体力行
169,精益求精
170,大吃一惊
171,竭尽全力
172,拭目以待
173,无家可归
174,哭笑不得
175,铺张浪费
176,不知所措
177,座无虚席
178,可乘之机
179,琳琅满目
180,卷土重来
181,铺天盖地
182,理直气壮
183,面目全非
184,忧心忡忡
185,在所难免
186,燃眉之急
187,不绝于耳
188,津津乐道
189,立竿见影
190,议论纷纷
191,与日俱增
192,衣食住行
193,急功近利
194,根深蒂固
195,博大精深
196,大有可为
197,轰轰烈烈
198,惊心动魄
199,不亦乐乎
200,何去何从
201,独立自主
202,相得益彰
203,取信于民
204,耐人寻味
205,别开生面
206,水泄不通
207,接二连三
208,无能为力
209,难以为继
210,陷入僵局
211,感同身受
212,不知去向
213,匪夷所思
214,背道而驰
215,难以置信
216,拳打脚踢
217,一帆风顺
218,掉以轻心
219,畅所欲言
220,习以为常
221,漏洞百出
222,出乎意料
223,一脉相承
224,当之无愧
225,肆无忌惮
226,寥寥无几
227,顺藤摸瓜
228,助人为乐
229,欢聚一堂
230,泪流满面
231,接踵而至
232,直言不讳
233,义无反顾
234,力不从心
235,遍地开花
236,慕名而来
237,纷至沓来
238,兴致勃勃
239,家常便饭
240,措手不及
241,心急如焚
242,一席之地
243,栩栩如生
244,眼花缭乱
245,雪中送炭
246,得不偿失
247,安然无恙
248,深入浅出
249,自始至终
250,捉襟见肘
251,拒之门外
252,望而却步
253,默默无闻
254,顺理成章
255,难能可贵
256,来龙去脉
257,不谋而合
258,如出一辙
259,提心吊胆
260,徇私舞弊
261,一无所知
262,锲而不舍
263,别有用心
264,大打出手
265,同舟共济
266,雨后春笋
267,兢兢业业
268,泣不成声
269,无人问津
270,应有尽有
271,引以为戒
272,异军突起
273,波澜壮阔
274,无可奈何
275,归根到底
276,品学兼优
277,司空见惯
278,推波助澜
279,微乎其微
280,相提并论
281,束手无策
282,信以为真
283,死灰复燃
284,苦不堪言
285,争分夺秒
286,集思广益
287,蛮不讲理
288,自力更生
289,有的放矢
290,严阵以待
291,建功立业
292,人山人海
293,溃不成军
294,国计民生
295,年事已高
296,绿水青山
297,半壁江山
298,求同存异
299,蛛丝马迹
300,鱼龙混杂
301,扑朔迷离
302,熙熙攘攘
303,一技之长
304,大江南北
305,屈指可数
306,交相辉映
307,公之于众
308,一拍即合
309,絮絮叨叨
310,一丝不苟
311,相依为命
312,微不足道
313,大有作为
314,良莠不齐
315,令人瞩目
316,迎刃而解
317,从天而降
318,不合时宜
319,现身说法
320,新陈代谢
321,声势浩大
322,高高在上
323,合情合理
324,量力而行
325,不切实际
326,针锋相对
327,责无旁贷
328,高瞻远瞩
329,千千万万
330,明目张胆
331,连锁反应
332,适得其反
333,摇身一变
334,跃跃欲试
335,聚精会神
336,承前启后
337,杯水车薪
338,一网打尽
339,开花结果
340,慷慨解囊
341,素不相识
342,长此以往
343,无可争辩
344,格格不入
345,蔚然成风
346,生机勃勃
347,吃苦耐劳
348,昏迷不醒
349,金字招牌
350,大相径庭
351,堂而皇之
352,如数家珍
353,争先恐后
354,浓墨重彩
355,大刀阔斧
356,惊慌失措
357,所剩无几
358,高官厚禄
359,一心一意
360,井然有序
361,一波三折
362,形迹可疑
363,炙手可热
364,身临其境
365,二话不说
366,流连忘返
367,热泪盈眶
368,销声匿迹
369,打击报复
370,尽心尽力
371,一以贯之
372,恍然大悟
373,置之不理
374,轻而易举
375,人来人往
376,青山绿水
377,齐头并进
378,一筹莫展
379,百花齐放
380,各执一词
381,志同道合
382,绞尽脑汁
383,首屈一指
384,水到渠成
385,物美价廉
386,众说纷纭
387,各自为政
388,语重心长
389,德才兼备
390,乐此不疲
391,方兴未艾
392,五颜六色
393,无动于衷
394,锦上添花
395,荒淫无度
396,推陈出新
397,畅通无阻
398,独树一帜
399,省吃俭用
400,无济于事
401,情不自禁
402,不足为奇
403,忍无可忍
404,埋头苦干
405,郁郁葱葱
406,事半功倍
407,不省人事
408,分门别类
409,别出心裁
410,明明白白
411,热情洋溢
412,大张旗鼓
413,防不胜防
414,惊魂未定
415,蒙混过关
416,错落有致
417,一点一滴
418,入不敷出
419,我行我素
420,深思熟虑
421,趋之若鹜
422,无微不至
423,溢于言表
424,车水马龙
425,同心同德
426,无所适从
427,变本加厉
428,壮士断腕
429,雄心勃勃
430,崭露头角
431,以点带面
432,学以致用
433,心中有数
434,五湖四海
435,审时度势
436,不择手段
437,大起大落
438,不厌其烦
439,一针见血
440,四通八达
441,不可开交
442,春暖花开
443,天经地义
444,悬而未决
445,一言不发
446,蜂拥而至
447,扬长而去
448,水落石出
449,大开眼界
450,载歌载舞
451,子虚乌有
452,了如指掌
453,历历在目
454,徇私枉法
455,风云变幻
456,公正廉洁
457,茁壮成长
458,千丝万缕
459,奋不顾身
460,轻描淡写
461,不解之缘
462,有意无意
463,顾名思义
464,有声有色
465,流离失所
466,诸如此类
467,一清二楚
468,众志成城
469,救死扶伤
470,梦寐以求
471,逍遥法外
472,按捺不住
473,信誓旦旦
474,不计其数
475,缺一不可
476,脱胎换骨
477,真心实意
478,对簿公堂
479,不辱使命
480,狂风暴雨
481,日复一日
482,白发苍苍
483,山清水秀
484,随心所欲
485,浩浩荡荡
486,不堪设想
487,叹为观止
488,不由自主
489,天下第一
490,如愿以偿
491,取长补短
492,所见所闻
493,近在咫尺
494,一言一行
495,惨不忍睹
496,一无所获
497,既得利益
498,呼之欲出
499,一厢情愿
500,黄金时代
501,无与伦比
502,无中生有
503,轰动一时
504,街头巷尾
505,掷地有声
506,戛然而止
507,念念不忘
508,偷工减料
509,津津有味
510,改头换面
511,据为己有
512,大同小异
513,刮目相看
514,令人发指
515,目瞪口呆
516,三三两两
517,雷厉风行
518,风雨无阻
519,江郎才尽
520,美轮美奂
521,货真价实
522,三令五申
523,和睦相处
524,感慨万千
525,拾金不昧
526,因人而异
527,一纸空文
528,双管齐下
529,脱口而出
530,曾几何时
531,逃之夭夭
532,心甘情愿
533,一朝一夕
534,倾家荡产
535,有利可图
536,证据确凿
537,万众一心
538,古色古香
539,刻骨铭心
540,东窗事发
541,开门见山
542,蒸蒸日上
543,艰苦卓绝
544,承上启下
545,振奋人心
546,风起云涌
547,乱七八糟
548,浑身解数
549,一意孤行
550,大有人在
551,年复一年
552,水土不服
553,绝无仅有
554,奄奄一息
555,生生不息
556,从头到尾
557,迫不得已
558,公平合理
559,独善其身
560,恰到好处
561,一触即发
562,说三道四
563,不胜枚举
564,各抒己见
565,意味深长
566,聪明才智
567,生死存亡
568,蠢蠢欲动
569,摇摇欲坠
570,世外桃源
571,滔滔不绝
572,欣欣向荣
573,添砖加瓦
574,相差无几
575,来势汹汹
576,有朝一日
577,疑难杂症
578,指日可待
579,每况愈下
580,精打细算
581,真知灼见
582,遥遥无期
583,代代相传
584,勇往直前
585,好景不长
586,另辟蹊径
587,朝气蓬勃
588,见怪不怪
589,一劳永逸
590,目不暇接
591,热气腾腾
592,脍炙人口
593,无所事事
594,甚嚣尘上
595,时不我待
596,打成一片
597,一成不变
598,怀恨在心
599,总而言之
600,支支吾吾
601,艰苦创业
602,不务正业
603,身无分文
604,别具一格
605,治病救人
606,岌岌可危
607,丰功伟绩
608,他山之石
609,避重就轻
610,按部就班
611,急转直下
612,一举两得
613,兴高采烈
614,同心协力
615,侃侃而谈
616,恼羞成怒
617,天壤之别
618,咄咄逼人
619,千篇一律
620,寸步难行
621,嘘寒问暖
622,不失时机
623,直截了当
624,白手起家
625,人去楼空
626,置若罔闻
627,瞠目结舌
628,长途跋涉
629,有说有笑
630,严于律己
631,群策群力
632,前车之鉴
633,一拥而上
634,违法乱纪
635,大政方针
636,痛定思痛
637,始终如一
638,数不胜数
639,啼笑皆非
640,不闻不问
641,不相上下
642,自给自足
643,有生之年
644,打草惊蛇
645,守望相助
646,鼓舞人心
647,三五成群
648,铿锵有力
649,接踵而来
650,赏心悦目
651,夜以继日
652,起早贪黑
653,爱不释手
654,手足无措
655,一分为二
656,不可多得
657,喜出望外
658,口口相传
659,只争朝夕
660,气喘吁吁
661,猝不及防
662,不甘示弱
663,亡羊补牢
664,意气风发
665,摩拳擦掌
666,喜怒哀乐
667,千差万别
668,酸甜苦辣
669,惟妙惟肖
670,自相矛盾
671,中流砥柱
672,真相大白
673,早出晚归
674,繁荣昌盛
675,异口同声
676,喜气洋洋
677,大是大非
678,自食其力
679,言传身教
680,浴血奋战
681,大惊小怪
682,转危为安
683,见缝插针
684,平易近人
685,古今中外
686,怨声载道
687,人声鼎沸
688,千里迢迢
689,融会贯通
690,整装待发
691,得心应手
692,守土有责
693,破口大骂
694,不可磨灭
695,永无止境
696,犹豫不决
697,火眼金睛
698,袖手旁观
699,苦口婆心
700,游刃有余
701,始终不渝
702,发家致富
703,耿耿于怀
704,油然而生
705,害群之马
706,权宜之计
707,背井离乡
708,支离破碎
709,皆大欢喜
710,大名鼎鼎
711,合二为一
712,风吹草动
713,依依不舍
714,秋高气爽
715,挺身而出
716,掩人耳目
717,姗姗来迟
718,实至名归
719,事与愿违
720,翩翩起舞
721,名目繁多
722,凤毛麟角
723,忍气吞声
724,耳濡目染
725,天伦之乐
726,一气呵成
727,千载难逢
728,满目疮痍
729,堆积如山
730,一无所有
731,追根溯源
732,精神抖擞
733,人心惶惶
734,朝夕相处
735,当仁不让
736,不依不饶
737,设身处地
738,名胜古迹
739,焦头烂额
740,无缘无故
741,日积月累
742,旷日持久
743,不胫而走
744,忍俊不禁
745,成群结队
746,接连不断
747,无稽之谈
748,债台高筑
749,因材施教
750,居安思危
751,手忙脚乱
752,轻重缓急
753,应接不暇
754,矢志不渝
755,触手可及
756,发人深省
757,破门而入
758,异曲同工
759,自言自语
760,左邻右舍
761,乐在其中
762,以身试法
763,养家糊口
764,众矢之的
765,心平气和
766,若隐若现
767,繁荣富强
768,哗众取宠
769,纵横交错
770,空穴来风
771,叫苦不迭
772,因势利导
773,德高望重
774,舆论哗然
775,有恃无恐
776,人命关天
777,气势磅礴
778,昙花一现
779,息事宁人
780,日日夜夜
781,荡然无存
782,欢欣鼓舞
783,惊天动地
784,艰难险阻
785,险象环生
786,数一数二
787,切身体会
788,以假乱真
789,风风雨雨
790,天寒地冻
791,负债累累
792,任劳任怨
793,走投无路
794,令行禁止
795,重蹈覆辙
796,无时无刻
797,成家立业
798,炎黄子孙
799,剑拔弩张
800,将心比心
801,大手大脚
802,一览无余
803,为所欲为
804,名正言顺
805,纸上谈兵
806,川流不息
807,夜深人静
808,美不胜收
809,善始善终
810,枝繁叶茂
811,意料之外
812,斩钉截铁
813,风云人物
814,大有裨益
815,防微杜渐
816,无影无踪
817,举手之劳
818,中西合璧
819,走马上任
820,拍手称快
821,小心谨慎
822,海纳百川
823,来历不明
824,汗流浃背
825,七嘴八舌
826,本末倒置
827,不顾一切
828,混淆视听
829,热血沸腾
830,左右为难
831,风平浪静
832,如履薄冰
833,先天不足
834,招摇撞骗
835,解疑释惑
836,不速之客
837,心服口服
838,东拼西凑
839,一落千丈
840,原原本本
841,火上浇油
842,就事论事
843,没完没了
844,劳民伤财
845,危言耸听
846,天马行空
847,煞费苦心
848,自欺欺人
849,讳莫如深
850,断章取义
851,五彩缤纷
852,进退两难
853,改过自新
854,一口咬定
855,急于求成
856,严惩不贷
857,疲惫不堪
858,百折不挠
859,一家老小
860,大显身手
861,头破血流
862,浑水摸鱼
863,不容置疑
864,孜孜不倦
865,长久之计
866,闻名遐迩
867,千辛万苦
868,指手画脚
869,赫赫有名
870,灭顶之灾
871,如影随形
872,风调雨顺
873,无所作为
874,茶余饭后
875,痛哭流涕
876,高屋建瓴
877,走马观花
878,步调一致
879,蒙在鼓里
880,屡教不改
881,歪风邪气
882,失之交臂
883,漫天要价
884,平心而论
885,不在话下
886,担惊受怕
887,约定俗成
888,廉洁奉公
889,果不其然
890,晴天霹雳
891,正本清源
892,不负众望
893,瞬息万变
894,不可逾越
895,靠天吃饭
896,语焉不详
897,悲痛欲绝
898,前赴后继
899,翻山越岭
900,临危受命
901,忐忑不安
902,不拘一格
903,有机可乘
904,漫山遍野
905,赞叹不已
906,而立之年
907,不假思索
908,不屈不挠
909,潸然泪下
910,礼尚往来
911,条条框框
912,灵机一动
913,引人入胜
914,若无其事
915,熟视无睹
916,骇人听闻
917,趋利避害
918,供过于求
919,交口称赞
920,精力充沛
921,冠冕堂皇
922,分道扬镳
923,荷枪实弹
924,老生常谈
925,彻头彻尾
926,活灵活现
927,安身立命
928,风雨同舟
929,游手好闲
930,心灰意冷
931,耸人听闻
932,网开一面
933,精兵强将
934,电闪雷鸣
935,星罗棋布
936,谈何容易
937,三缄其口
938,众目睽睽
939,混为一谈
940,不能自拔
941,多才多艺
942,不欢而散
943,井井有条
944,鳞次栉比
945,自以为是
946,腾空而起
947,不动声色
948,稳扎稳打
949,似曾相识
950,空空如也
951,危在旦夕
952,开诚布公
953,可歌可泣
954,口诛笔伐
955,釜底抽薪
956,口口声声
957,举世闻名
958,光明正大
959,一门心思
960,不一而足
961,文山会海
962,德艺双馨
963,顾全大局
964,能上能下
965,胆战心惊
966,坚韧不拔
967,起死回生
968,全神贯注
969,死里逃生
970,一马当先
971,平安无事
972,厚积薄发
973,无理取闹
974,当机立断
975,八方支援
976,深情厚谊
977,名存实亡
978,如释重负
979,雷打不动
980,一望无际
981,与世隔绝
982,门可罗雀
983,大摇大摆
984,将信将疑
985,勤勤恳恳
986,心旷神怡
987,柴米油盐
988,心照不宣
989,半途而废
990,半信半疑
991,无计可施
992,轻装上阵
993,一塌糊涂
994,震撼人心
995,后来居上
996,并驾齐驱
997,不时之需
998,自告奋勇
999,东山再起
1000,锒铛入狱
1001,轻车简从
1002,通力合作
1003,石沉大海
1004,隐姓埋名
1005,愤愤不平
1006,一鼓作气
1007,心安理得
1008,千头万绪
1009,冰天雪地
1010,后起之秀
1011,谨言慎行
1012,时过境迁
1013,必争之地
1014,唯利是图
1015,居高临下
1016,事无巨细
1017,无孔不入
1018,势不可挡
1019,烟消云散
1020,席地而坐
1021,豁然开朗
1022,义愤填膺
1023,不进则退
1024,身先士卒
1025,一概而论
1026,敷衍了事
1027,高枕无忧
1028,巧立名目
1029,万不得已
1030,震耳欲聋
1031,今非昔比
1032,拉帮结派
1033,无忧无虑
1034,手舞足蹈
1035,千呼万唤
1036,各取所需
1037,遥遥领先
1038,杳无音信
1039,相濡以沫
1040,先入为主
1041,横七竖八
1042,痛心疾首
1043,千军万马
1044,可有可无
1045,化整为零
1046,阳奉阴违
1047,沉默寡言
1048,你追我赶
1049,顺手牵羊
1050,渐入佳境
1051,听之任之
1052,束手就擒
1053,心无旁骛
1054,以防万一
1055,振聋发聩
1056,杳无音讯
1057,情有可原
1058,尽力而为
1059,投机取巧
1060,小题大做
1061,约法三章
1062,不屑一顾
1063,自圆其说
1064,人尽其才
1065,迎来送往
1066,财大气粗
1067,从容应对
1068,随波逐流
1069,望子成龙
1070,鸡毛蒜皮
1071,肃然起敬
1072,公平交易
1073,束之高阁
1074,因噎废食
1075,另起炉灶
1076,打破常规
1077,饮食起居
1078,青黄不接
1079,面面俱到
1080,天涯海角
1081,语无伦次
1082,箭在弦上
1083,朗朗上口
1084,舍近求远
1085,置身事外
1086,鞠躬尽瘁
1087,活蹦乱跳
1088,不寒而栗
1089,明辨是非
1090,言简意赅
1091,鸟语花香
1092,避而不谈
1093,头头是道
1094,安营扎寨
1095,风尘仆仆
1096,前无古人
1097,无可非议
1098,无所不能
1099,筋疲力尽
1100,一来二去
1101,张灯结彩
1102,一哄而上
1103,不由分说
1104,难以预料
1105,酣畅淋漓
1106,南辕北辙
1107,自由自在
1108,风风火火
1109,冒名顶替
1110,保家卫国
1111,年富力强
1112,不义之财
1113,事出有因
1114,见死不救
1115,模棱两可
1116,中饱私囊
1117,三天两头
1118,一贫如洗
1119,没日没夜
1120,见贤思齐
1121,戒备森严
1122,千奇百怪
1123,麻痹大意
1124,满载而归
1125,至高无上
1126,一草一木
1127,扬长避短
1128,同甘共苦
1129,铜墙铁壁
1130,孜孜以求
1131,抱头痛哭
1132,移风易俗
1133,独具匠心
1134,追悔莫及
1135,久负盛名
1136,冷嘲热讽
1137,泛滥成灾
1138,横冲直撞
1139,沾沾自喜
1140,有血有肉
1141,争奇斗艳
1142,精神恍惚
1143,盘根错节
1144,大兴土木
1145,老泪纵横
1146,雄心壮志
1147,瞒天过海
1148,丧心病狂
1149,目不转睛
1150,相安无事
1151,和而不同
1152,乐善好施
1153,快马加鞭
1154,人心向背
1155,无关紧要
1156,入土为安
1157,峰回路转
1158,闻所未闻
1159,手无寸铁
1160,据理力争
1161,不虚此行
1162,漏网之鱼
1163,乘风破浪
1164,出类拔萃
1165,有求必应
1166,挖空心思
1167,暴露无遗
1168,价廉物美
1169,千疮百孔
1170,矢口否认
1171,嗤之以鼻
1172,春意盎然
1173,原封不动
1174,无可比拟
1175,三番五次
1176,登高望远
1177,板上钉钉
1178,杞人忧天
1179,心满意足
1180,无所不在
1181,举手投足
1182,动荡不安
1183,东张西望
1184,三足鼎立
1185,物归原主
1186,不远万里
1187,空中楼阁
1188,家长里短
1189,通宵达旦
1190,一掷千金
1191,言之凿凿
1192,挥汗如雨
1193,天衣无缝
1194,如鱼得水
1195,僧多粥少
1196,互相推诿
1197,本来面目
1198,来者不拒
1199,欣喜若狂
1200,呕心沥血
1201,精耕细作
1202,汗马功劳
1203,稍纵即逝
1204,远见卓识
1205,千钧一发
1206,不攻自破
1207,奋发图强
1208,运筹帷幄
1209,同归于尽
1210,声情并茂
1211,喜笑颜开
1212,就地取材
1213,谈笑风生
1214,一本正经
1215,按兵不动
1216,真刀真枪
1217,春风化雨
1218,天罗地网
1219,摩肩接踵
1220,飞来横祸
1221,胸有成竹
1222,花样翻新
1223,依山傍水
1224,虎视眈眈
1225,万事大吉
1226,萎靡不振
1227,独占鳌头
1228,古往今来
1229,舍己救人
1230,欲罢不能
1231,敲锣打鼓
1232,穷凶极恶
1233,化险为夷
1234,休戚与共
1235,相映成趣
1236,按图索骥
1237,不偏不倚
1238,穿针引线
1239,闭门造车
1240,迎头赶上
1241,入乡随俗
1242,不堪一击
1243,有识之士
1244,出尔反尔
1245,如痴如醉
1246,天翻地覆
1247,毁于一旦
1248,只言片语
1249,仁人志士
1250,不期而遇
1251,疲于奔命
1252,放眼世界
1253,妙趣横生
1254,气势汹汹
1255,大海捞针
1256,似是而非
1257,差强人意
1258,含辛茹苦
1259,风华正茂
1260,贪赃枉法
1261,招兵买马
1262,披荆斩棘
1263,风雨飘摇
1264,殚精竭虑
1265,尽善尽美
1266,跃然纸上
1267,豪言壮语
1268,以偏概全
1269,前功尽弃
1270,重操旧业
1271,诗情画意
1272,各自为战
1273,鬼鬼祟祟
1274,扪心自问
1275,用心良苦
1276,恰如其分
1277,经久不息
1278,千姿百态
1279,步履蹒跚
1280,休养生息
1281,风靡一时
1282,不明不白
1283,重男轻女
1284,唇枪舌剑
1285,家破人亡
1286,东倒西歪
1287,行色匆匆
1288,十全十美
1289,包罗万象
1290,不劳而获
1291,百感交集
1292,互通有无
1293,国泰民安
1294,西装革履
1295,百年不遇
1296,扶危济困
1297,和衷共济
1298,纹丝不动
1299,人才辈出
1300,艰难困苦
1301,步履维艰
1302,付之一炬
1303,众望所归
1304,一干二净
1305,一走了之
1306,红白喜事
1307,同仇敌忾
1308,粗制滥造
1309,崇山峻岭
1310,回味无穷
1311,不近人情
1312,生死未卜
1313,敬而远之
1314,不紧不慢
1315,励精图治
1316,知法犯法
1317,颠倒黑白
1318,门庭若市
1319,两败俱伤
1320,开阔眼界
1321,劳逸结合
1322,心血来潮
1323,洁身自好
1324,盛况空前
1325,动之以情
1326,十有八九
1327,偷梁换柱
1328,传为佳话
1329,灰头土脸
1330,信手拈来
1331,偃旗息鼓
1332,大获全胜
1333,患难与共
1334,守株待兔
1335,全军覆没
1336,忙忙碌碌
1337,浮想联翩
1338,慷慨激昂
1339,安家落户
1340,真情实感
1341,形影不离
1342,湖光山色
1343,问心无愧
1344,长年累月
1345,乍暖还寒
1346,多管闲事
1347,后继有人
1348,踌躇满志
1349,背水一战
1350,天南海北
1351,花花绿绿
1352,一语道破
1353,拨乱反正
1354,苦心经营
1355,雾里看花
1356,科班出身
1357,振振有词
1358,声泪俱下
1359,看家本领
1360,不辞而别
1361,敷衍塞责
1362,一蹶不振
1363,放任自流
1364,只字不提
1365,趁热打铁
1366,东躲西藏
1367,痛不欲生
1368,风和日丽
1369,万里长城
1370,周而复始
1371,一往无前
1372,乘胜追击
1373,煞有介事
1374,温文尔雅
1375,夺眶而出
1376,内忧外患
1377,一锤定音
1378,操之过急
1379,心潮澎湃
1380,翻来覆去
1381,斤斤计较
1382,吉祥如意
1383,积劳成疾
1384,甜言蜜语
1385,漠不关心
1386,大声疾呼
1387,杂乱无章
1388,临危不惧
1389,奋起直追
1390,顶天立地
1391,一鸣惊人
1392,一盘散沙
1393,道听途说
1394,不管不顾
1395,言行一致
1396,两全其美
1397,以讹传讹
1398,是非曲直
1399,如意算盘
1400,兴风作浪
1401,一生一世
1402,风吹日晒
1403,一尘不染
1404,胆大妄为
1405,百家争鸣
1406,功亏一篑
1407,前因后果
1408,不置可否
1409,富丽堂皇
1410,专心致志
1411,轻举妄动
1412,一丝一毫
1413,顾此失彼
1414,于事无补
1415,粉墨登场
1416,千变万化
1417,重见天日
1418,无法无天
1419,大错特错
1420,颗粒无收
1421,不以为意
1422,坐立不安
1423,花言巧语
1424,心惊胆战
1425,势均力敌
1426,气急败坏
1427,留有余地
1428,标新立异
1429,步步为营
1430,积重难返
1431,喃喃自语
1432,表面文章
1433,一字一句
1434,游山玩水
1435,自暴自弃
1436,有心无力
1437,不得人心
1438,囤积居奇
1439,一知半解
1440,绚丽多彩
1441,明知故犯
1442,花团锦簇
1443,情真意切
1444,灵丹妙药
1445,毛骨悚然
1446,名不副实
1447,浑然一体
1448,左顾右盼
1449,欢天喜地
1450,像模像样
1451,海阔天空
1452,受制于人
1453,扼腕叹息
1454,独当一面
1455,心惊肉跳
1456,危机四伏
1457,如法炮制
1458,彬彬有礼
1459,异想天开
1460,源头活水
1461,不远千里
1462,固步自封
1463,为人师表
1464,弥留之际
1465,如日中天
1466,物尽其用
1467,一语中的
1468,大快人心
1469,屡试不爽
1470,面红耳赤
1471,迥然不同
1472,难言之隐
1473,泾渭分明
1474,大浪淘沙
1475,三六九等
1476,华而不实
1477,扣人心弦
1478,大失所望
1479,破烂不堪
1480,不可告人
1481,驾轻就熟
1482,心领神会
1483,你死我活
1484,一衣带水
1485,恋恋不舍
1486,遍体鳞伤
1487,忽冷忽热
1488,神采奕奕
1489,翻箱倒柜
1490,干净利落
1491,独断专行
1492,处心积虑
1493,切中要害
1494,朴实无华
1495,和蔼可亲
1496,地广人稀
1497,后悔莫及
1498,乘虚而入
1499,四分五裂
1500,英姿飒爽
1501,望尘莫及
1502,阴差阳错
1503,谦虚谨慎
1504,出其不意
1505,虎头蛇尾
1506,蜻蜓点水
1507,抽丝剥茧
1508,分崩离析
1509,千山万水
1510,并行不悖
1511,奔走相告
1512,有问必答
1513,铁证如山
1514,量体裁衣
1515,狂轰滥炸
1516,完璧归赵
1517,无可奉告
1518,不可动摇
1519,软硬兼施
1520,疏而不漏
1521,闷闷不乐
1522,急中生智
1523,监守自盗
1524,心心相印
1525,人杰地灵
1526,身不由己
1527,不堪回首
1528,生老病死
1529,捷报频传
1530,粗心大意
1531,开宗明义
1532,瓢泼大雨
1533,感人肺腑
1534,任人唯亲
1535,惴惴不安
1536,沁人心脾
1537,言外之意
1538,昏昏欲睡
1539,无精打采
1540,不出所料
1541,行云流水
1542,一穷二白
1543,无所畏惧
1544,出人头地
1545,无所顾忌
1546,切肤之痛
1547,赤子之心
1548,大功告成
1549,拍案叫绝
1550,扬眉吐气
1551,举国上下
1552,得过且过
1553,趁火打劫
1554,乌烟瘴气
1555,见仁见智
1556,寸步不离
1557,风光旖旎
1558,有口皆碑
1559,各得其所
1560,不痛不痒
1561,济济一堂
1562,返璞归真
1563,不慌不忙
1564,利欲熏心
1565,才华横溢
1566,既成事实
1567,为国捐躯
1568,平起平坐
1569,称心如意
1570,各有千秋
1571,叱咤风云
1572,不知所终
1573,胡说八道
1574,一反常态
1575,雁过拔毛
1576,毅然决然
1577,打抱不平
1578,颐养天年
1579,怦然心动
1580,呼风唤雨
1581,绘声绘色
1582,适可而止
1583,漫不经心
1584,艰苦朴素
1585,隐隐约约
1586,金碧辉煌
1587,先睹为快
1588,功成名就
1589,言谈举止
1590,闻风而动
1591,掩耳盗铃
1592,家徒四壁
1593,枪林弹雨
1594,如虎添翼
1595,价值连城
1596,见势不妙
1597,以儆效尤
1598,不伦不类
1599,身败名裂
1600,波光粼粼
1601,旁若无人
1602,轻车熟路
1603,节衣缩食
1604,默不作声
1605,肝胆相照
1606,尽心竭力
1607,兼容并蓄
1608,无懈可击
1609,行家里手
1610,延年益寿
1611,夸大其词
1612,伤筋动骨
1613,跋山涉水
1614,前仆后继
1615,攻城略地
1616,负隅顽抗
1617,捕风捉影
1618,越俎代庖
1619,文人墨客
1620,好吃懒做
1621,祸不单行
1622,莫衷一是
1623,无拘无束
1624,牢不可破
1625,指名道姓
1626,坚如磐石
1627,艰难曲折
1628,人云亦云
1629,悬崖勒马
1630,雨过天晴
1631,一举成名
1632,变幻莫测
1633,与人为善
1634,激浊扬清
1635,灯火辉煌
1636,光天化日
1637,人心所向
1638,七零八落
1639,沧海桑田
1640,令人作呕
1641,风雨交加
1642,心力衰竭
1643,回心转意
1644,望而生畏
1645,一无是处
1646,养儿防老
1647,出言不逊
1648,光明磊落
1649,惨绝人寰
1650,化为乌有
1651,万家灯火
1652,煽风点火
1653,力挽狂澜
1654,荡气回肠
1655,赤身裸体
1656,诚心诚意
1657,矫枉过正
1658,大气磅礴
1659,名噪一时
1660,苍白无力
1661,相亲相爱
1662,神清气爽
1663,妙语连珠
1664,慌慌张张
1665,姹紫嫣红
1666,吞吞吐吐
1667,见多识广
1668,如临大敌
1669,有备无患
1670,百废待兴
1671,大雨倾盆
1672,独辟蹊径
1673,胡言乱语
1674,催人泪下
1675,积少成多
1676,心力交瘁
1677,一己之私
1678,初出茅庐
1679,大大咧咧
1680,浑然天成
1681,真心诚意
1682,南来北往
1683,多如牛毛
1684,心急火燎
1685,颠沛流离
1686,逆水行舟
1687,慌不择路
1688,发号施令
1689,投其所好
1690,故伎重演
1691,照本宣科
1692,移花接木
1693,人人自危
1694,共商国是
1695,单枪匹马
1696,在天之灵
1697,声嘶力竭
1698,多此一举
1699,鱼目混珠
1700,老实巴交
1701,舟车劳顿
1702,稀奇古怪
1703,不堪入目
1704,愁眉不展
1705,百年大计
1706,细枝末节
1707,一窍不通
1708,落荒而逃
1709,和盘托出
1710,美中不足
1711,不甘寂寞
1712,狭路相逢
1713,饮水思源
1714,绰绰有余
1715,战火纷飞
1716,名利双收
1717,思前想后
1718,大庭广众
1719,精疲力竭
1720,人人皆知
1721,幸灾乐祸
1722,两袖清风
1723,答非所问
1724,简明扼要
1725,一事无成
1726,相形见绌
1727,惊涛骇浪
1728,麻木不仁
1729,觥筹交错
1730,舍生忘死
1731,寿终正寝
1732,拔苗助长
1733,除恶务尽
1734,风驰电掣
1735,妄自菲薄
1736,毫不讳言
1737,自生自灭
1738,有板有眼
1739,议论风生
1740,孤立无援
1741,沆瀣一气
1742,喋喋不休
1743,念念有词
1744,弄巧成拙
1745,人财两空
1746,亭台楼阁
1747,亲密无间
1748,终身大事
1749,坚不可摧
1750,天花乱坠
1751,风吹雨打
1752,异乎寻常
1753,千言万语
1754,亦步亦趋
1755,惩前毖后
1756,扶老携幼
1757,攻守同盟
1758,白雪皑皑
1759,充耳不闻
1760,青梅竹马
1761,安于现状
1762,一针一线
1763,大好河山
1764,人才济济
1765,咎由自取
1766,高人一等
1767,藏污纳垢
1768,上行下效
1769,口干舌燥
1770,灯红酒绿
1771,能说会道
1772,所向披靡
1773,招架不住
1774,自觉自愿
1775,嗷嗷待哺
1776,砸锅卖铁
1777,厚德载物
1778,闪烁其词
1779,神通广大
1780,风餐露宿
1781,大风大浪
1782,细水长流
1783,喜上眉梢
1784,了然于胸
1785,判若两人
1786,关门大吉
1787,火冒三丈
1788,胡作非为
1789,街谈巷议
1790,年逾古稀
1791,筚路蓝缕
1792,自作主张
1793,过街老鼠
1794,天南地北
1795,坑蒙拐骗
1796,高不可攀
1797,酒足饭饱
1798,啧啧称赞
1799,怒不可遏
1800,头晕目眩
1801,夕阳西下
1802,残缺不全
1803,引经据典
1804,花花公子
1805,饮鸩止渴
1806,滥竽充数
1807,有名无实
1808,五谷丰登
1809,若有所思
1810,号啕大哭
1811,坐而论道
1812,真才实学
1813,无足轻重
1814,雅俗共赏
1815,拥政爱民
1816,泪如雨下
1817,怒气冲冲
1818,独到之处
1819,下不为例
1820,任人唯贤
1821,左右逢源
1822,如获至宝
1823,论资排辈
1824,无伤大雅
1825,泥沙俱下
1826,感天动地
1827,欲言又止
1828,事不关己
1829,精美绝伦
1830,衣衫褴褛
1831,一扫而空
1832,排山倒海
1833,九牛一毛
1834,灰飞烟灭
1835,一团和气
1836,推心置腹
1837,鬼斧神工
1838,永垂不朽
1839,无穷无尽
1840,墨守成规
1841,惊弓之鸟
1842,波涛汹涌
1843,孤注一掷
1844,血流如注
1845,毛遂自荐
1846,大动干戈
1847,水乳交融
1848,繁花似锦
1849,人浮于事
1850,开天辟地
1851,柳暗花明
1852,饥肠辘辘
1853,手下留情
1854,谨小慎微
1855,过犹不及
1856,大肆宣传
1857,蝇头小利
1858,口耳相传
1859,众口难调
1860,晕头转向
1861,走南闯北
1862,不可理喻
1863,殊途同归
1864,窃窃私语
1865,其貌不扬
1866,求贤若渴
1867,蜂拥而上
1868,摇旗呐喊
1869,各有所长
1870,人情世故
1871,半身不遂
1872,秘而不宣
1873,借题发挥
1874,朝令夕改
1875,改弦更张
1876,怨天尤人
1877,循规蹈矩
1878,家家户户
1879,当头一棒
1880,哄堂大笑
1881,传宗接代
1882,完美无缺
1883,金榜题名
1884,黯然失色
1885,救亡图存
1886,虚张声势
1887,博采众长
1888,招摇过市
1889,大而化之
1890,事倍功半
1891,不可收拾
1892,心灵手巧
1893,愚公移山
1894,水深火热
1895,一扫而光
1896,无依无靠
1897,花甲之年
1898,一念之差
1899,抛头露面
1900,打退堂鼓
1901,以牙还牙
1902,两手空空
1903,刚正不阿
1904,哑口无言
1905,宾至如归
1906,忙里偷闲
1907,发人深思
1908,无所不包
1909,一臂之力
1910,裹足不前
1911,知难而退
1912,神情恍惚
1913,三言两语
1914,心不在焉
1915,隔靴搔痒
1916,昭然若揭
1917,肺腑之言
1918,惺惺相惜
1919,从容不迫
1920,铁面无私
1921,悲欢离合
1922,山珍海味
1923,孤军奋战
1924,深山老林
1925,东奔西跑
1926,文质彬彬
1927,顶礼膜拜
1928,一丝不挂
1929,头疼脑热
1930,天下为公
1931,里应外合
1932,一见如故
1933,路见不平
1934,大发雷霆
1935,狼吞虎咽
1936,执迷不悟
1937,待人接物
1938,洗心革面
1939,同病相怜
1940,不治之症
1941,神采飞扬
1942,衣食父母
1943,舍我其谁
1944,言过其实
1945,势如破竹
1946,反目成仇
1947,知己知彼
1948,咬牙切齿
1949,以理服人
1950,大惊失色
1951,纷纷扬扬
1952,万马奔腾
1953,赤手空拳
1954,生死关头
1955,韬光养晦
1956,意气用事
1957,废寝忘食
1958,身经百战
1959,分内之事
1960,点睛之笔
1961,怒火中烧
1962,素未谋面
1963,风声鹤唳
1964,自立门户
1965,光彩夺目
1966,病入膏肓
1967,满不在乎
1968,愁眉苦脸
1969,百里挑一
1970,有利有弊
1971,一览无遗
1972,多多益善
1973,昏昏沉沉
1974,好大喜功
1975,妻离子散
1976,巧夺天工
1977,守口如瓶
1978,如坐针毡
1979,循循善诱
1980,张冠李戴
1981,无声无息
1982,患得患失
1983,政出多门
1984,悠然自得
1985,自作聪明
1986,受宠若惊
1987,唇齿相依
1988,娇生惯养
1989,平淡无奇
1990,八仙过海
1991,五光十色
1992,与世长辞
1993,正襟危坐
1994,尽人皆知
1995,繁文缛节
1996,吹毛求疵
1997,暗度陈仓
1998,克己奉公
1999,遮天蔽日
2000,大千世界
2001,倒行逆施
2002,因循守旧
2003,一面之词
2004,滴水不漏
2005,非此即彼
2006,万人空巷
2007,兼收并蓄
2008,不同凡响
2009,生死攸关
2010,垂涎欲滴
2011,瞻前顾后
2012,推而广之
2013,自投罗网
2014,高风亮节
2015,扶摇直上
2016,平分秋色
2017,一诺千金
2018,自行其是
2019,顾虑重重
2020,窗明几净
2021,开源节流
2022,唉声叹气
2023,量入为出
2024,随行就市
2025,一飞冲天
2026,因小失大
2027,落叶归根
2028,分秒必争
2029,面面相觑
2030,屡战屡败
2031,深更半夜
2032,坐以待毙
2033,视若无睹
2034,巍然屹立
2035,鸦雀无声
2036,亭亭玉立
2037,以小见大
2038,去伪存真
2039,短兵相接
2040,琴棋书画
2041,兴师动众
2042,千夫所指
2043,风云突变
2044,如饥似渴
2045,有气无力
2046,广开言路
2047,威风凛凛
2048,百年之后
2049,四脚朝天
2050,见利忘义
2051,捧腹大笑
2052,不胜其烦
2053,出生入死
2054,休戚相关
2055,各就各位
2056,炉火纯青
2057,浅尝辄止
2058,身强力壮
2059,五脏六腑
2060,贪官污吏
2061,破釜沉舟
2062,好逸恶劳
2063,罪有应得
2064,年轻力壮
2065,三十而立
2066,举棋不定
2067,郁郁寡欢
2068,纠缠不清
2069,吞云吐雾
2070,明哲保身
2071,抛砖引玉
2072,双喜临门
2073,大红大紫
2074,历久弥坚
2075,望眼欲穿
2076,捷足先登
2077,出于无奈
2078,鞭长莫及
2079,平心静气
2080,含苞待放
2081,如梦初醒
2082,谢天谢地
2083,称兄道弟
2084,马到成功
2085,骨瘦如柴
2086,辗转反侧
2087,千锤百炼
2088,春寒料峭
2089,归心似箭
2090,痛改前非
2091,四面楚歌
2092,生离死别
2093,良师益友
2094,后继无人
2095,蓬头垢面
2096,土崩瓦解
2097,在所不惜
2098,化为泡影
2099,上下一心
2100,杀人灭口
2101,不苟言笑
2102,垂头丧气
2103,眼疾手快
2104,海市蜃楼
2105,好高骛远
2106,一笑了之
2107,气壮山河
2108,非同小可
2109,笑逐颜开
2110,为非作歹
2111,言犹在耳
2112,高谈阔论
2113,素昧平生
2114,由浅入深
2115,讳疾忌医
2116,知易行难
2117,信口开河
2118,十字路口
2119,旗鼓相当
2120,装聋作哑
2121,分庭抗礼
2122,门当户对
2123,劈头盖脸
2124,无价之宝
2125,忍辱负重
2126,政通人和
2127,唾手可得
2128,乔装打扮
2129,峥嵘岁月
2130,天网恢恢
2131,高山流水
2132,言听计从
2133,不声不响
2134,春光明媚
2135,自私自利
2136,付诸东流
2137,心烦意乱
2138,快人快语
2139,画龙点睛
2140,胡思乱想
2141,歪门邪道
2142,引火烧身
2143,竭泽而渔
2144,弱肉强食
2145,寸草不生
2146,明争暗斗
2147,私相授受
2148,堂堂正正
2149,治国安邦
2150,同流合污
2151,畅行无阻
2152,立足之地
2153,凶多吉少
2154,一文不值
2155,逐字逐句
2156,万象更新
2157,费尽心机
2158,铩羽而归
2159,从中渔利
2160,微言大义
2161,眉飞色舞
2162,做贼心虚
2163,连绵不断
2164,匹夫有责
2165,重于泰山
2166,视死如归
2167,不怀好意
2168,入木三分
2169,忘乎所以
2170,扫地出门
2171,老调重弹
2172,授业解惑
2173,一股脑儿
2174,多事之秋
2175,短小精悍
2176,碌碌无为
2177,痴人说梦
2178,无关痛痒
2179,劫后余生
2180,抑扬顿挫
2181,不可限量
2182,掌上明珠
2183,大处着眼
2184,岿然不动
2185,水漫金山
2186,牵肠挂肚
2187,登峰造极
2188,度日如年
2189,浩如烟海
2190,大公无私
2191,别有洞天
2192,变化多端
2193,霸王别姬
2194,字正腔圆
2195,天旋地转
2196,防患未然
2197,九死一生
2198,惊世骇俗
2199,药到病除
2200,曲径通幽
2201,半路出家
2202,芸芸众生
2203,反复推敲
2204,生龙活虎
2205,登堂入室
2206,一马平川
2207,踉踉跄跄
2208,大难不死
2209,一本万利
2210,心悦诚服
2211,人间天堂
2212,野心勃勃
2213,斗志昂扬
2214,假公济私
2215,春华秋实
2216,后患无穷
2217,独来独往
2218,不可偏废
2219,阳春白雪
2220,旁征博引
2221,一年半载
2222,饥寒交迫
2223,欺上瞒下
2224,骑虎难下
2225,装模作样
2226,举目无亲
2227,挥金如土
2228,畏首畏尾
2229,无地自容
2230,投桃报李
2231,原形毕露
2232,眼高手低
2233,断壁残垣
2234,天之骄子
2235,欲盖弥彰
2236,栋梁之才
2237,肆意妄为
2238,强词夺理
2239,不二法门
2240,损人利己
2241,厚此薄彼
2242,内外交困
2243,以邻为壑
2244,郑重其事
2245,光怪陆离
2246,恶意中伤
2247,天上人间
2248,精诚团结
2249,夙夜在公
2250,访贫问苦
2251,有生力量
2252,过目不忘
2253,喧宾夺主
2254,病从口入
2255,懵懵懂懂
2256,旧病复发
2257,深谋远虑
2258,花好月圆
2259,不知所云
2260,交头接耳
2261,出神入化
2262,强加于人
2263,春风得意
2264,颐指气使
2265,陈词滥调
2266,东奔西走
2267,穷困潦倒
2268,不可一世
2269,神乎其神
2270,抚今追昔
2271,长袖善舞
2272,表里如一
2273,寅吃卯粮
2274,例行公事
2275,寒冬腊月
2276,刨根问底
2277,自得其乐
2278,捏一把汗
2279,六神无主
2280,躲躲闪闪
2281,半夜三更
2282,冷眼旁观
2283,勃然大怒
2284,先声夺人
2285,人多势众
2286,天长地久
2287,先斩后奏
2288,力排众议
2289,穷途末路
2290,机不可失
2291,听天由命
2292,戒骄戒躁
2293,得寸进尺
2294,草木皆兵
2295,养老送终
2296,众口一词
2297,从长计议
2298,得意之作
2299,说一不二
2300,回天乏术
2301,头晕眼花
2302,地大物博
2303,慎终追远
2304,笑容可掬
2305,功德无量
2306,虚无缥缈
2307,官官相护
2308,四平八稳
2309,有生以来
2310,善罢甘休
2311,开疆拓土
2312,金蝉脱壳
2313,大言不惭
2314,天真烂漫
2315,山穷水尽
2316,软弱无力
2317,丰衣足食
2318,荒无人烟
2319,概莫能外
2320,爱莫能助
2321,忧国忧民
2322,咄咄怪事
2323,璀璨夺目
2324,暴风骤雨
2325,说来说去
2326,感激不尽
2327,血雨腥风
2328,始作俑者
2329,张牙舞爪
2330,丧尽天良
2331,望闻问切
2332,自不待言
2333,崇洋媚外
2334,升官发财
2335,平白无故
2336,兼容并包
2337,心神不宁
2338,不冷不热
2339,勉为其难
2340,日夜兼程
2341,连篇累牍
2342,纵横捭阖
2343,扶正祛邪
2344,舍本逐末
2345,贪得无厌
2346,深居简出
2347,浑浑噩噩
2348,另眼相看
2349,酩酊大醉
2350,沽名钓誉
2351,反复无常
2352,鹤立鸡群
2353,求之不得
2354,当头棒喝
2355,比翼齐飞
2356,飞黄腾达
2357,百尺竿头
2358,惶恐不安
2359,知难而进
2360,口出狂言
2361,杀鸡取卵
2362,蜂拥而来
2363,哭哭啼啼
2364,盛极一时
2365,误打误撞
2366,婀娜多姿
2367,死去活来
2368,经年累月
2369,齐心合力
2370,耳闻目睹
2371,驰名中外
2372,嫌贫爱富
2373,宁缺毋滥
2374,心向往之
2375,心事重重
2376,付之东流
2377,恨之入骨
2378,弱不禁风
2379,悔不当初
2380,高朋满座
2381,身怀六甲
2382,知足常乐
2383,睡眼惺忪
2384,古为今用
2385,鼻青脸肿
2386,言行不一
2387,绿草如茵
2388,摇头晃脑
2389,各个击破
2390,长篇大论
2391,落井下石
2392,步步高升
2393,各行其是
2394,顺水推舟
2395,匠心独运
2396,乱作一团
2397,从头至尾
2398,左思右想
2399,点石成金
2400,群龙无首
2401,近亲繁殖
2402,命中注定
2403,风花雪月
2404,一败涂地
2405,混淆是非
2406,雍容华贵
2407,刀光剑影
2408,死于非命
2409,大雨滂沱
2410,无以复加
2411,百无聊赖
2412,改名换姓
2413,精疲力尽
2414,夸夸其谈
2415,大权在握
2416,一线生机
2417,正大光明
2418,长驱直入
2419,怡然自得
2420,利令智昏
2421,垂涎三尺
2422,节外生枝
2423,情投意合
2424,黯然神伤
2425,显山露水
2426,龙凤呈祥
2427,衣锦还乡
2428,兵戎相见
2429,深仇大恨
2430,声名狼藉
2431,严丝合缝
2432,仗义执言
2433,依然如故
2434,血气方刚
2435,对答如流
2436,勤学苦练
2437,雕梁画栋
2438,妇孺皆知
2439,举重若轻
2440,知无不言
2441,待价而沽
2442,言之有物
2443,义正词严
2444,迷途知返
2445,变化无常
2446,高耸入云
2447,一呼百应
2448,逢山开路
2449,退避三舍
2450,人文荟萃
2451,苦中作乐
2452,从善如流
2453,卧薪尝胆
2454,生搬硬套
2455,非亲非故
2456,昂首挺胸
2457,鬼使神差
2458,叫苦连天
2459,大势已去
2460,无奇不有
2461,百年树人
2462,戮力同心
2463,开国元勋
2464,不卑不亢
2465,流言蜚语
2466,委曲求全
2467,选贤任能
2468,居心叵测
2469,有志之士
2470,小恩小惠
2471,挑拨离间
2472,别具匠心
2473,慢条斯理
2474,革故鼎新
2475,谆谆教导
2476,罪大恶极
2477,万念俱灰
2478,装点门面
2479,坐享其成
2480,平步青云
2481,音容笑貌
2482,诚惶诚恐
2483,达官贵人
2484,奇形怪状
2485,黑灯瞎火
2486,打得火热
2487,秋后算账
2488,狼狈不堪
2489,披星戴月
2490,街坊邻里
2491,民不聊生
2492,依依惜别
2493,相见恨晚
2494,贼喊捉贼
2495,一日千里
2496,促膝谈心
2497,花天酒地
2498,寡不敌众
2499,杀一儆百
2500,近水楼台
2501,深入骨髓
2502,一板一眼
2503,目无法纪
2504,望其项背
2505,为非作恶
2506,唯我独尊
2507,反躬自省
2508,评头论足
2509,重整旗鼓
2510,物是人非
2511,草长莺飞
2512,奋笔疾书
2513,体无完肤
2514,大放厥词
2515,刚柔相济
2516,万紫千红
2517,弹丸之地
2518,心驰神往
2519,体贴入微
2520,毁誉参半
2521,心浮气躁
2522,好说歹说
2523,深得人心
2524,一笔勾销
2525,劫富济贫
2526,察言观色
2527,令人神往
2528,鼓鼓囊囊
2529,不毛之地
2530,将错就错
2531,魂牵梦萦
2532,拿手好戏
2533,自知之明
2534,字斟句酌
2535,嬉笑怒骂
2536,一箭双雕
2537,群雄逐鹿
2538,为期不远
2539,急不可耐
2540,高歌猛进
2541,不辞劳苦
2542,同日而语
2543,硕果仅存
2544,饱经沧桑
2545,倒背如流
2546,勾心斗角
2547,油盐酱醋
2548,英雄本色
2549,包打天下
2550,和风细雨
2551,以防不测
2552,年近古稀
2553,夺门而出
2554,一见倾心
2555,不着边际
2556,出乎预料
2557,炯炯有神
2558,虚位以待
2559,养尊处优
2560,徒劳无功
2561,闻风丧胆
2562,耀武扬威
2563,贪污腐化
2564,故弄玄虚
2565,兼而有之
2566,上下其手
2567,一面之缘
2568,镜花水月
2569,事在人为
2570,十万火急
2571,聪明伶俐
2572,聚沙成塔
2573,深不可测
2574,牢骚满腹
2575,清水衙门
2576,心花怒放
2577,尸位素餐
2578,七手八脚
2579,添油加醋
2580,巧取豪夺
2581,开路先锋
2582,雷电交加
2583,珠联璧合
2584,坐吃山空
2585,口若悬河
2586,风度翩翩
2587,一哄而散
2588,如鲠在喉
2589,出奇制胜
2590,大义凛然
2591,一唱一和
2592,逆来顺受
2593,小巧玲珑
2594,暴跳如雷
2595,云淡风轻
2596,曲高和寡
2597,传经送宝
2598,改弦易辙
2599,牵强附会
2600,从轻发落
2601,满腔热忱
2602,消极怠工
2603,气焰嚣张
2604,先知先觉
2605,飞檐走壁
2606,易如反掌
2607,一笑置之
2608,展翅高飞
2609,马首是瞻
2610,连绵不绝
2611,惨淡经营
2612,连绵起伏
2613,严刑峻法
2614,人所共知
2615,一五一十
2616,路人皆知
2617,咬文嚼字
2618,触景生情
2619,抱残守缺
2620,桀骜不驯
2621,万劫不复
2622,粉身碎骨
2623,上天入地
2624,原来如此
2625,好事多磨
2626,锱铢必较
2627,伤天害理
2628,惹是生非
2629,钻牛角尖
2630,背信弃义
2631,白头偕老
2632,赤膊上阵
2633,成双成对
2634,大义灭亲
2635,发财致富
2636,寄人篱下
2637,各色人等
2638,一路平安
2639,滴水穿石
2640,大有文章
2641,死而后已
2642,源源不绝
2643,过从甚密
2644,日以继夜
2645,求全责备
2646,寸步不让
2647,投石问路
2648,根深叶茂
2649,灭绝人性
2650,功成身退
2651,如雷贯耳
2652,舍己为人
2653,穷乡僻壤
2654,普天同庆
2655,马马虎虎
2656,旁敲侧击
2657,先见之明
2658,倒打一耙
2659,谈天说地
2660,无事生非
2661,骄傲自满
2662,力争上游
2663,心如刀绞
2664,拖泥带水
2665,离经叛道
2666,吃哑巴亏
2667,用之不竭
2668,奇装异服
2669,春回大地
2670,插科打诨
2671,推己及人
2672,将计就计
2673,无可置疑
2674,强人所难
2675,分文不取
2676,引狼入室
2677,心狠手辣
2678,若即若离
2679,不分彼此
2680,南征北战
2681,以退为进
2682,不拘小节
2683,死心塌地
2684,汹涌澎湃
2685,真枪实弹
2686,温情脉脉
2687,损公肥私
2688,贻笑大方
2689,摇头叹息
2690,优哉游哉
2691,天生丽质
2692,贤妻良母
2693,斯文扫地
2694,敢作敢为
2695,粗茶淡饭
2696,以身殉职
2697,趁虚而入
2698,缩手缩脚
2699,死而复生
2700,糖衣炮弹
2701,安安稳稳
2702,汗牛充栋
2703,出谋献策
2704,望洋兴叹
2705,蹑手蹑脚
2706,礼仪之邦
2707,熟门熟路
2708,鱼水深情
2709,亡国灭种
2710,醍醐灌顶
2711,气象万千
2712,嫉恶如仇
2713,盛气凌人
2714,多灾多难
2715,七上八下
2716,投鼠忌器
2717,安分守己
2718,男女老少
2719,首善之区
2720,民怨沸腾
2721,健步如飞
2722,相敬如宾
2723,大煞风景
2724,妙不可言
2725,直抒胸臆
2726,风云际会
2727,矢志不移
2728,满城风雨
2729,助纣为虐
2730,不敢苟同
2731,昂首阔步
2732,耳聪目明
2733,几次三番
2734,进退维谷
2735,叶落归根
2736,文过饰非
2737,灿烂辉煌
2738,百年好合
2739,狐假虎威
2740,成败得失
2741,浓妆艳抹
2742,谋财害命
2743,改邪归正
2744,一了百了
2745,散兵游勇
2746,恣意妄为
2747,彪形大汉
2748,胆大包天
2749,天各一方
2750,栉风沐雨
2751,磨刀霍霍
2752,各持己见
2753,杂七杂八
2754,一手遮天
2755,一言难尽
2756,风言风语
2757,十年寒窗
2758,不乏其人
2759,子子孙孙
2760,血战到底
2761,瓮中捉鳖
2762,少言寡语
2763,国色天香
2764,战无不胜
2765,拨云见日
2766,虚晃一枪
2767,空前绝后
2768,精神焕发
2769,如临深渊
2770,缓兵之计
2771,鸿篇巨制
2772,拍案而起
2773,画蛇添足
2774,朝思暮想
2775,凶神恶煞
2776,大肆挥霍
2777,改朝换代
2778,胡搅蛮缠
2779,乌合之众
2780,大禹治水
2781,无恶不作
2782,谁是谁非
2783,空头支票
2784,雄伟壮观
2785,神出鬼没
2786,争风吃醋
2787,引以为荣
2788,滴水成冰
2789,姓甚名谁
2790,天下太平
2791,长命百岁
2792,忘恩负义
2793,感情用事
2794,照章办事
2795,容光焕发
2796,传为美谈
2797,穷兵黩武
2798,一路顺风
2799,雷霆万钧
2800,为国为民
2801,自食其果
2802,半推半就
2803,茅塞顿开
2804,蛊惑人心
2805,头重脚轻
2806,念兹在兹
2807,趾高气扬
2808,得而复失
2809,随遇而安
2810,旧事重提
2811,形单影只
2812,阴魂不散
2813,纲举目张
2814,死气沉沉
2815,滂沱大雨
2816,话不投机
2817,一言九鼎
2818,烟波浩渺
2819,弹尽粮绝
2820,投笔从戎
2821,斗转星移
2822,豪情壮志
2823,婆婆妈妈
2824,强弩之末
2825,各尽所能
2826,大惑不解
2827,十恶不赦
2828,大展宏图
2829,得意洋洋
2830,言无不尽
2831,似懂非懂
2832,见财起意
2833,由表及里
2834,声东击西
2835,捶胸顿足
2836,令人捧腹
2837,光辉灿烂
2838,克敌制胜
2839,闭关锁国
2840,歌功颂德
2841,动人心魄
2842,关怀备至
2843,避实就虚
2844,鱼贯而出
2845,高抬贵手
2846,苦思冥想
2847,心心念念
2848,条分缕析
2849,与世无争
2850,迎风招展
2851,闲言碎语
2852,大雅之堂
2853,唯唯诺诺
2854,提纲挈领
2855,千人一面
2856,三思而行
2857,调兵遣将
2858,大吉大利
2859,谆谆告诫
2860,长生不老
2861,无坚不摧
2862,眉开眼笑
2863,火树银花
2864,一手包办
2865,四书五经
2866,固若金汤
2867,孤家寡人
2868,无师自通
2869,三顾茅庐
2870,大腹便便
2871,歌舞升平
2872,势不两立
2873,养精蓄锐
2874,一往情深
2875,苦尽甘来
2876,优柔寡断
2877,冥思苦想
2878,闻风而逃
2879,结结巴巴
2880,杀人放火
2881,营私舞弊
2882,不修边幅
2883,拉拉扯扯
2884,枯燥无味
2885,指鹿为马
2886,盖棺定论
2887,久别重逢
2888,悔过自新
2889,泛泛而谈
2890,投机倒把
2891,赴汤蹈火
2892,奇谈怪论
2893,上下同心
2894,腰缠万贯
2895,饥不择食
2896,教学相长
2897,大材小用
2898,出师不利
2899,博览群书
2900,众星捧月
2901,追本溯源
2902,窥见一斑
2903,千真万确
2904,单刀直入
2905,乐不可支
2906,和气生财
2907,民富国强
2908,瓜熟蒂落
2909,机关算尽
2910,无的放矢
2911,满打满算
2912,天女散花
2913,各不相让
2914,俯拾皆是
2915,陈规陋习
2916,惨无人道
2917,无为而治
2918,浮光掠影
2919,一潭死水
2920,一泻千里
2921,零零星星
2922,得意门生
2923,毕恭毕敬
2924,物极必反
2925,笑而不答
2926,荣华富贵
2927,疑神疑鬼
2928,日理万机
2929,宁死不屈
2930,颠扑不破
2931,光宗耀祖
2932,精雕细刻
2933,图谋不轨
2934,成竹在胸
2935,忠心耿耿
2936,有钱有势
2937,相持不下
2938,返老还童
2939,反唇相讥
2940,一花独放
2941,哀鸿遍野
2942,造谣中伤
2943,十面埋伏
2944,飞扬跋扈
2945,争强好胜
2946,既往不咎
2947,零敲碎打
2948,日进斗金
2949,难兄难弟
2950,尔虞我诈
2951,喜新厌旧
2952,自顾不暇
2953,因祸得福
2954,兹事体大
2955,略胜一筹
2956,鼎鼎大名
2957,老当益壮
2958,举不胜举
2959,身外之物
2960,量力而为
2961,孤苦伶仃
2962,心直口快
2963,飒爽英姿
2964,血肉相连
2965,众叛亲离
2966,不惑之年
2967,杀鸡儆猴
2968,赶尽杀绝
2969,千难万险
2970,举世无双
2971,胆大心细
2972,沧海一粟
2973,洋洋得意
2974,名落孙山
2975,以貌取人
2976,拐弯抹角
2977,表里不一
2978,乐极生悲
2979,疾风骤雨
2980,牙牙学语
2981,无边无际
2982,情同手足
2983,公而忘私
2984,三更半夜
2985,天长日久
2986,行尸走肉
2987,挑三拣四
2988,忿忿不平
2989,龙腾虎跃
2990,息息相通
2991,奇货可居
2992,言而无信
2993,慷慨陈词
2994,画地为牢
2995,匠心独具
2996,龙马精神
2997,无机可乘
2998,荒诞不经
2999,结党营私
3000,人丁兴旺
3001,悔之晚矣
3002,神来之笔
3003,生不逢时
3004,盲人摸象
3005,百花争艳
3006,寥寥可数
3007,为民请命
3008,腹背受敌
3009,恃强凌弱
3010,为富不仁
3011,得意忘形
3012,丢三落四
3013,大家闺秀
3014,厚颜无耻
3015,响彻云霄
3016,三长两短
3017,斩草除根
3018,万水千山
3019,过眼云烟
3020,解囊相助
3021,假戏真做
3022,坚贞不屈
3023,挥霍无度
3024,草菅人命
3025,管中窥豹
3026,寒来暑往
3027,舍生取义
3028,发愤图强
3029,扬汤止沸
3030,苟延残喘
3031,鲜艳夺目
3032,和颜悦色
3033,索然无味
3034,颜面扫地
3035,作壁上观
3036,隔岸观火
3037,进退失据
3038,离乡背井
3039,沾亲带故
3040,别无二致
3041,挑肥拣瘦
3042,认祖归宗
3043,腥风血雨
3044,兴趣盎然
3045,开怀畅饮
3046,人仰马翻
3047,不徇私情
3048,涂脂抹粉
3049,通情达理
3050,何乐不为
3051,六亲不认
3052,孤芳自赏
3053,冷暖自知
3054,无妄之灾
3055,弦外之音
3056,富可敌国
3057,真凭实据
3058,人情冷暖
3059,不学无术
3060,浪子回头
3061,世道人心
3062,阿谀奉承
3063,自我牺牲
3064,天朗气清
3065,绝处逢生
3066,巧舌如簧
3067,不值一驳
3068,鳏寡孤独
3069,造谣惑众
3070,轻手轻脚
3071,引吭高歌
3072,层峦叠嶂
3073,晚节不保
3074,推三阻四
3075,眉清目秀
3076,树大招风
3077,英雄辈出
3078,身家性命
3079,奉公守法
3080,歪打正着
3081,真情实意
3082,鱼死网破
3083,不能自已
3084,火急火燎
3085,百发百中
3086,猴年马月
3087,略知一二
3088,临阵脱逃
3089,喜形于色
3090,从中作梗
3091,玩世不恭
3092,作茧自缚
3093,品头论足
3094,世风日下
3095,星火燎原
3096,瘦骨嶙峋
3097,其乐无穷
3098,明察秋毫
3099,鱼贯而入
3100,反败为胜
3101,熙来攘往
3102,翻云覆雨
3103,远走高飞
3104,惜字如金
3105,贻害无穷
3106,失魂落魄
3107,有头有脸
3108,虚怀若谷
3109,等闲视之
3110,纷纷扰扰
3111,首尾相连
3112,五体投地
3113,虚与委蛇
3114,画饼充饥
3115,黑白分明
3116,争权夺利
3117,与民同乐
3118,学贯中西
3119,滔天罪行
3120,徒有虚名
3121,水天一色
3122,万古长青
3123,白驹过隙
3124,食不果腹
3125,十之八九
3126,爱憎分明
3127,生死相依
3128,鱼与熊掌
3129,地主之谊
3130,熟能生巧
3131,旗开得胜
3132,锋芒毕露
3133,翻江倒海
3134,反客为主
3135,下里巴人
3136,各色各样
3137,大权独揽
3138,言之有理
3139,生灵涂炭
3140,偷鸡摸狗
3141,一叶障目
3142,玉汝于成
3143,孑然一身
3144,一颦一笑
3145,置之度外
3146,不白之冤
3147,胆小怕事
3148,吐故纳新
3149,金童玉女
3150,渔翁得利
3151,招贤纳士
3152,丧权辱国
3153,言不由衷
3154,破涕为笑
3155,道貌岸然
3156,为民除害
3157,碧空如洗
3158,骄奢淫逸
3159,忠贞不渝
3160,心慈手软
3161,名满天下
3162,具体而微
3163,悲天悯人
3164,固执己见
3165,一刀两断
3166,鹿死谁手
3167,无可救药
3168,一官半职
3169,江河日下
3170,妄自尊大
3171,囫囵吞枣
3172,三心二意
3173,花枝招展
3174,饱经风霜
3175,夫唱妇随
3176,揠苗助长
3177,满山遍野
3178,含饴弄孙
3179,丝丝入扣
3180,偏听偏信
3181,七情六欲
3182,以柔克刚
3183,闭门不出
3184,枕戈待旦
3185,破旧立新
3186,头昏眼花
3187,罄竹难书
3188,魂飞魄散
3189,破镜重圆
3190,毫无疑义
3191,动人心弦
3192,暗无天日
3193,血流成河
3194,信口雌黄
3195,愤世嫉俗
3196,打情骂俏
3197,厉兵秣马
3198,有伤风化
3199,红杏出墙
3200,精忠报国
3201,街坊四邻
3202,兵临城下
3203,心如刀割
3204,慈眉善目
3205,藏龙卧虎
3206,腾云驾雾
3207,风烛残年
3208,三头六臂
3209,鬼迷心窍
3210,挥洒自如
3211,文武双全
3212,后发制人
3213,狼狈为奸
3214,公事公办
3215,别有风味
3216,义正辞严
3217,金科玉律
3218,貌合神离
3219,狗急跳墙
3220,借酒浇愁
3221,男尊女卑
3222,花里胡哨
3223,装腔作势
3224,无病呻吟
3225,本固邦宁
3226,气吞山河
3227,忆苦思甜
3228,兵荒马乱
3229,摧枯拉朽
3230,奇花异草
3231,入情入理
3232,常胜将军
3233,铮铮铁骨
3234,事不宜迟
3235,自相残杀
3236,难舍难分
3237,妙手回春
3238,奇耻大辱
3239,变化莫测
3240,山崩地裂
3241,卧虎藏龙
3242,周游列国
3243,祸国殃民
3244,稳操胜券
3245,凶相毕露
3246,以毒攻毒
3247,不惜工本
3248,有始有终
3249,坐冷板凳
3250,风雪交加
3251,切中时弊
3252,天昏地暗
3253,前仰后合
3254,悲观厌世
3255,珠光宝气
3256,生死与共
3257,用武之地
3258,一来一往
3259,事必躬亲
3260,金戈铁马
3261,血光之灾
3262,国富民强
3263,多难兴邦
3264,多愁善感
3265,大逆不道
3266,在劫难逃
3267,昏天黑地
3268,灰心丧气
3269,精兵简政
3270,自讨苦吃
3271,后会无期
3272,卖官鬻爵
3273,由近及远
3274,死不瞑目
3275,恍如隔世
3276,如此而已
3277,情窦初开
3278,聚众滋事
3279,悲从中来
3280,噤若寒蝉
3281,一望无垠
3282,卿卿我我
3283,一吐为快
3284,铁板钉钉
3285,畸轻畸重
3286,口是心非
3287,中庸之道
3288,去粗取精
3289,苍松翠柏
3290,至理名言
3291,物华天宝
3292,大喜过望
3293,草草了事
3294,分毫不差
3295,自作自受
3296,百依百顺
3297,作恶多端
3298,一哄而起
3299,逍遥自在
3300,刻舟求剑
3301,想入非非
3302,卓尔不群
3303,智勇双全
3304,才子佳人
3305,藕断丝连
3306,斯斯文文
3307,泰然自若
3308,闻过则喜
3309,大步流星
3310,尾大不掉
3311,泰然处之
3312,虎头虎脑
3313,宠辱不惊
3314,自身难保
3315,深明大义
3316,一病不起
3317,故步自封
3318,尊师重道
3319,无迹可寻
3320,骁勇善战
3321,能言善辩
3322,善男信女
3323,常备不懈
3324,心存芥蒂
3325,无出其右
3326,拂袖而去
3327,敲山震虎
3328,各执己见
3329,老骥伏枥
3330,襟怀坦白
3331,战战兢兢
3332,童叟无欺
3333,垂死挣扎
3334,比翼双飞
3335,八面玲珑
3336,永不磨灭
3337,自愧不如
3338,丢人现眼
3339,串通一气
3340,居心不良
3341,老谋深算
3342,粗枝大叶
3343,因时制宜
3344,合而为一
3345,人事不省
3346,言而有信
3347,聊胜于无
3348,问寒问暖
3349,精明能干
3350,颠倒是非
3351,一元复始
3352,啧有烦言
3353,哑然失笑
3354,礼义廉耻
3355,老态龙钟
3356,漫无边际
3357,男女有别
3358,坐收渔利
3359,感激涕零
3360,童心未泯
3361,感恩戴德
3362,冲昏头脑
3363,天方夜谭
3364,捉摸不定
3365,气宇轩昂
3366,极目远眺
3367,高深莫测
3368,扭扭捏捏
3369,见钱眼开
3370,左右开弓
3371,狂风骤雨
3372,面黄肌瘦
3373,有勇有谋
3374,百口莫辩
3375,高山仰止
3376,兴师问罪
3377,水滴石穿
3378,心腹大患
3379,大书特书
3380,改天换地
3381,恩将仇报
3382,弥天大谎
3383,来者不善
3384,人间地狱
3385,谦谦君子
3386,龙飞凤舞
3387,幡然悔悟
3388,古道热肠
3389,鸡犬升天
3390,故态复萌
3391,手到擒来
3392,怀才不遇
3393,人心不古
3394,触类旁通
3395,余音绕梁
3396,数典忘祖
3397,师出有名
3398,滚瓜烂熟
3399,分而治之
3400,及时行乐
3401,战天斗地
3402,楚楚动人
3403,何必当初
3404,虚情假意
3405,干净利索
3406,半死不活
3407,海誓山盟
3408,臭不可闻
3409,肝肠寸断
3410,一统天下
3411,自吹自擂
3412,删繁就简
3413,分外妖娆
3414,不露声色
3415,转眼之间
3416,打入冷宫
3417,如胶似漆
3418,三教九流
3419,龇牙咧嘴
3420,旖旎风光
3421,同床异梦
3422,人心涣散
3423,鸡飞狗跳
3424,糊里糊涂
3425,朝发夕至
3426,欢声雷动
3427,盛情难却
3428,谈虎色变
3429,罪加一等
3430,世态炎凉
3431,以德报怨
3432,乔迁之喜
3433,殃及池鱼
3434,大雨如注
3435,庞然大物
3436,瓜田李下
3437,授人以柄
3438,论功行赏
3439,塞上江南
3440,起承转合
3441,小家子气
3442,人亡政息
3443,东施效颦
3444,饭来张口
3445,乘人之危
3446,远涉重洋
3447,不三不四
3448,妖魔鬼怪
3449,削足适履
3450,形势逼人
3451,抱成一团
3452,功名利禄
3453,良辰吉日
3454,百战不殆
3455,奖罚分明
3456,不堪入耳
3457,洋为中用
3458,附庸风雅
3459,孟母三迁
3460,生气勃勃
3461,国难当头
3462,泪如泉涌
3463,寓意深远
3464,闲情逸致
3465,弃之可惜
3466,若有若无
3467,一语双关
3468,飞禽走兽
3469,牛郎织女
3470,莺歌燕舞
3471,集腋成裘
3472,半生不熟
3473,百战百胜
3474,财迷心窍
3475,风霜雨雪
3476,披头散发
3477,倾巢而出
3478,咬紧牙关
3479,目中无人
3480,汗如雨下
3481,束手束脚
3482,揭竿而起
3483,拍案惊奇
3484,追根究底
3485,大家风范
3486,昼夜兼程
3487,面不改色
3488,稳如泰山
3489,搬弄是非
3490,情非得已
3491,望穿秋水
3492,风姿绰约
3493,黔驴技穷
3494,叠床架屋
3495,百般刁难
3496,闲杂人等
3497,殷鉴不远
3498,影影绰绰
3499,无亲无故
3500,不可救药
3501,火中取栗
3502,奉为圭臬
3503,生财有道
3504,笼络人心
3505,不破不立
3506,黄道吉日
3507,化零为整
3508,惶惶不安
3509,造谣生事
3510,上情下达
3511,开山鼻祖
3512,皮开肉绽
3513,嬉皮笑脸
3514,大器晚成
3515,一鼻子灰
3516,倾巢出动
3517,诲人不倦
3518,一步登天
3519,安之若素
3520,洛阳纸贵
3521,个中滋味
3522,前所未闻
3523,夜郎自大
3524,伶牙俐齿
3525,一毛不拔
3526,果然如此
3527,故土难离
3528,甘拜下风
3529,如履平地
3530,冷言冷语
3531,花前月下
3532,百鸟朝凤
3533,犬牙交错
3534,多快好省
3535,朝不保夕
3536,大江东去
3537,挂一漏万
3538,鸠占鹊巢
3539,人定胜天
3540,天作之合
3541,鱼米之乡
3542,绵延不断
3543,回头是岸
3544,吃喝玩乐
3545,作奸犯科
3546,流芳百世
3547,矫揉造作
3548,从一而终
3549,急流勇退
3550,命途多舛
3551,玩物丧志
3552,含沙射影
3553,乐不思蜀
3554,四面出击
3555,此起彼落
3556,文以载道
3557,自取灭亡
3558,养生之道
3559,封官许愿
3560,叶公好龙
3561,动辄得咎
3562,名扬四海
3563,九霄云外
3564,欺世盗名
3565,寸土不让
3566,声色犬马
3567,如梦方醒
3568,水调歌头
3569,至圣先师
3570,夜长梦多
3571,目不识丁
3572,千难万难
3573,侠肝义胆
3574,纵横驰骋
3575,执法如山
3576,罪孽深重
3577,万里无云
3578,乘兴而来
3579,打马虎眼
3580,劳燕分飞
3581,钢筋铁骨
3582,自怨自艾
3583,粉饰太平
3584,不落俗套
3585,新婚燕尔
3586,鸣金收兵
3587,蔚为大观
3588,仓皇出逃
3589,不以为耻
3590,自有公论
3591,无远弗届
3592,口说无凭
3593,不舍昼夜
3594,白头到老
3595,书声琅琅
3596,自甘堕落
3597,喜怒无常
3598,自惭形秽
3599,志士仁人
3600,九泉之下
3601,怒发冲冠
3602,东挪西借
3603,心怀鬼胎
3604,重振旗鼓
3605,刀耕火种
3606,名垂青史
3607,萍水相逢
3608,出头之日
3609,两肋插刀
3610,烽火连天
3611,断子绝孙
3612,不骄不躁
3613,仁至义尽
3614,不足挂齿
3615,舞文弄墨
3616,迷惑不解
3617,波谲云诡
3618,大难临头
3619,欲擒故纵
3620,锦衣玉食
3621,坐卧不安
3622,高头大马
3623,瑕不掩瑜
3624,风流韵事
3625,等量齐观
3626,放荡不羁
3627,迎头痛击
3628,借尸还魂
3629,光阴荏苒
3630,穷则思变
3631,生杀予夺
3632,心术不正
3633,倚老卖老
3634,榜上无名
3635,求知若渴
3636,装疯卖傻
3637,眉来眼去
3638,白山黑水
3639,衣冠楚楚
3640,火烧眉毛
3641,弄假成真
3642,痴心妄想
3643,满园春色
3644,真命天子
3645,渔翁之利
3646,兵不血刃
3647,无米之炊
3648,查无实据
3649,伤风败俗
3650,狐朋狗友
3651,满腹牢骚
3652,鸡犬不宁
3653,锦囊妙计
3654,未老先衰
3655,狐狸尾巴
3656,一石二鸟
3657,自我解嘲
3658,喝西北风
3659,搔首弄姿
3660,百密一疏
3661,大动肝火
3662,浩然之气
3663,死无对证
3664,为虎作伥
3665,千秋万代
3666,精诚所至
3667,时来运转
3668,初露锋芒
3669,血迹斑斑
3670,民脂民膏
3671,待字闺中
3672,反戈一击
3673,溘然长逝
3674,邪不压正
3675,唱对台戏
3676,寻欢作乐
3677,止于至善
3678,形形色色
3679,永无宁日
3680,树碑立传
3681,鼎鼎有名
3682,岂有此理
3683,除暴安良
3684,自鸣得意
3685,落英缤纷
3686,百无禁忌
3687,宽以待人
3688,醉生梦死
3689,风流倜傥
3690,见风使舵
3691,不见天日
3692,抖擞精神
3693,悠闲自在
3694,颠三倒四
3695,盖棺论定
3696,烂醉如泥
3697,口不择言
3698,安危与共
3699,大开大合
3700,忠言逆耳
3701,金石为开
3702,临阵磨枪
3703,悬崖绝壁
3704,拔刀相助
3705,孤陋寡闻
3706,百炼成钢
3707,抓耳挠腮
3708,难解难分
3709,温故知新
3710,屏气凝神
3711,字字珠玑
3712,千恩万谢
3713,花红柳绿
3714,鞭辟入里
3715,繁荣兴旺
3716,疾恶如仇
3717,披麻戴孝
3718,聪明智慧
3719,师道尊严
3720,大做文章
3721,等闲之辈
3722,风行一时
3723,奇珍异宝
3724,欲壑难填
3725,狡兔三窟
3726,木已成舟
3727,自寻短见
3728,推崇备至
3729,招财进宝
3730,孤军作战
3731,虚虚实实
3732,害人不浅
3733,足智多谋
3734,祸从天降
3735,青天白日
3736,问长问短
3737,全民皆兵
3738,避人耳目
3739,赏罚分明
3740,逼上梁山
3741,纨绔子弟
3742,不分伯仲
3743,庸人自扰
3744,小家碧玉
3745,十里洋场
3746,赤胆忠心
3747,官运亨通
3748,满腹经纶
3749,洁身自爱
3750,知人善任
3751,掩鼻而过
3752,卑躬屈膝
3753,讲信修睦
3754,深山密林
3755,空洞无物
3756,绵绵不绝
3757,壮志未酬
3758,左支右绌
3759,请君入瓮
3760,眼观六路
3761,功败垂成
3762,兴利除弊
3763,过河拆桥
3764,含情脉脉
3765,怅然若失
3766,忧心如焚
3767,急起直追
3768,玲珑剔透
3769,神魂颠倒
3770,名闻遐迩
3771,得道多助
3772,甘之如饴
3773,相视而笑
3774,臭味相投
3775,鼓乐齐鸣
3776,狂妄自大
3777,高出一筹
3778,丑态百出
3779,苦心孤诣
3780,凡夫俗子
3781,破绽百出
3782,真心真意
3783,祸从口出
3784,探头探脑
3785,以弱胜强
3786,身体发肤
3787,九天揽月
3788,缠绵悱恻
3789,月黑风高
3790,缺衣少食
3791,飞蛾扑火
3792,普天之下
3793,十拿九稳
3794,山高水长
3795,欢喜冤家
3796,如泣如诉
3797,千古绝唱
3798,恬不知耻
3799,一分一毫
3800,杨柳依依
3801,满面春风
3802,下情上达
3803,鞍前马后
3804,飞沙走石
3805,养痈遗患
3806,大而无当
3807,面目狰狞
3808,长吁短叹
3809,浪迹天涯
3810,振臂一呼
3811,逼不得已
3812,夜不闭户
3813,蝇营狗苟
3814,自我表现
3815,悬崖峭壁
3816,坚强不屈
3817,洋洋自得
3818,蛮横无理
3819,睹物思人
3820,明日黄花
3821,另谋高就
3822,迂回曲折
3823,四海一家
3824,百年难遇
3825,怵目惊心
3826,鸟枪换炮
3827,杀气腾腾
3828,万全之策
3829,夙兴夜寐
3830,顽固不化
3831,离心离德
3832,逢凶化吉
3833,威风八面
3834,作威作福
3835,巾帼英雄
3836,以暴易暴
3837,东拉西扯
3838,师出无名
3839,成人之美
3840,满盘皆输
3841,桃红柳绿
3842,寸土必争
3843,随声附和
3844,秀色可餐
3845,先礼后兵
3846,信马由缰
3847,万箭穿心
3848,浩气长存
3849,精妙绝伦
3850,成王败寇
3851,欺人太甚
3852,不留余地
3853,姑息养奸
3854,耳提面命
3855,戎马生涯
3856,孤掌难鸣
3857,仰面朝天
3858,贫病交加
3859,以德服人
3860,鸡犬相闻
3861,阴谋诡计
3862,替天行道
3863,毫无二致
3864,朝三暮四
3865,暴殄天物
3866,古木参天
3867,拱手让人
3868,巴山蜀水
3869,冰清玉洁
3870,天下大乱
3871,山盟海誓
3872,出口成章
3873,七七八八
3874,书香世家
3875,淡然处之
3876,自命不凡
3877,衣不蔽体
3878,闭口不言
3879,立此存照
3880,不疾不徐
3881,窈窕淑女
3882,稍逊一筹
3883,金鸡独立
3884,能文能武
3885,客死他乡
3886,天崩地裂
3887,吊儿郎当
3888,善有善报
3889,刚愎自用
3890,南腔北调
3891,人以群分
3892,好自为之
3893,有来有往
3894,铁石心肠
3895,今生今世
3896,尖酸刻薄
3897,落花流水
3898,耳听八方
3899,喜不自胜
3900,望文生义
3901,情意绵绵
3902,遇水架桥
3903,包办代替
3904,逢场作戏
3905,旁观者清
3906,面目可憎
3907,小鸟依人
3908,缄口不言
3909,畏缩不前
3910,胸怀大志
3911,一决胜负
3912,一叶知秋
3913,互为表里
3914,井底之蛙
3915,装神弄鬼
3916,物以类聚
3917,风轻云淡
3918,鸡飞蛋打
3919,无往不胜
3920,因陋就简
3921,败兴而归
3922,魂不守舍
3923,媒妁之言
3924,功德圆满
3925,略逊一筹
3926,乘其不备
3927,良辰美景
3928,以眼还眼
3929,不乏先例
3930,紫气东来
3931,宽宏大量
3932,风华绝代
3933,口传心授
3934,杯弓蛇影
3935,恶语相加
3936,如醉如痴
3937,适逢其时
3938,三番两次
3939,不上不下
3940,低声下气
3941,火上加油
3942,日薄西山
3943,目空一切
3944,项庄舞剑
3945,泥牛入海
3946,心高气傲
3947,降格以求
3948,唇亡齿寒
3949,香消玉殒
3950,富国强兵
3951,爱屋及乌
3952,不求甚解
3953,屈打成招
3954,拔刀相向
3955,称王称霸
3956,独步天下
3957,门户之见
3958,名山大川
3959,自掘坟墓
3960,志得意满
3961,半真半假
3962,分化瓦解
3963,人微言轻
3964,一星半点
3965,不识时务
3966,心腹之患
3967,才貌双全
3968,天下无敌
3969,穷奢极欲
3970,有色眼镜
3971,少不更事
3972,外强中干
3973,身首异处
3974,冷若冰霜
3975,独木难支
3976,忘战必危
3977,旁门左道
3978,贩夫走卒
3979,学无止境
3980,口齿伶俐
3981,二龙戏珠
3982,坐井观天
3983,喜从天降
3984,同室操戈
3985,鱼跃龙门
3986,话里有话
3987,不甚了了
3988,力透纸背
3989,聊以自慰
3990,反求诸己
3991,完好无缺
3992,调虎离山
3993,血肉横飞
3994,开卷有益
3995,正气凛然
3996,解甲归田
3997,覆水难收
3998,七拼八凑
3999,酗酒滋事
4000,拈花惹草
4001,吃里扒外
4002,杂乱无序
4003,明火执仗
4004,天下一家
4005,皇亲国戚
4006,俯拾即是
4007,广种薄收
4008,不自量力
4009,告老还乡
4010,声如洪钟
4011,词不达意
4012,听而不闻
4013,予取予求
4014,豆蔻年华
4015,因果报应
4016,痛快淋漓
4017,放虎归山
4018,有福同享
4019,风俗人情
4020,特立独行
4021,同床共枕
4022,一拥而入
4023,苦大仇深
4024,出以公心
4025,路不拾遗
4026,过眼烟云
4027,手足之情
4028,满腹狐疑
4029,本乡本土
4030,声色俱厉
4031,家道中落
4032,面授机宜
4033,物竞天择
4034,探囊取物
4035,病魔缠身
4036,强颜欢笑
4037,正人君子
4038,人神共愤
4039,惠风和畅
4040,暮气沉沉
4041,轻言细语
4042,决一死战
4043,毫不介意
4044,梳妆打扮
4045,安然无事
4046,否极泰来
4047,尸横遍野
4048,楚楚可怜
4049,春色满园
4050,一表人才
4051,谬以千里
4052,自讨没趣
4053,旭日东升
4054,弹无虚发
4055,回天无力
4056,克勤克俭
4057,来日方长
4058,骨肉相连
4059,公正无私
4060,伯仲之间
4061,恶有恶报
4062,光芒万丈
4063,呆若木鸡
4064,博学多才
4065,黯淡无光
4066,挤眉弄眼
4067,顺水人情
4068,横生枝节
4069,妻儿老小
4070,愚昧无知
4071,锦绣前程
4072,臭名远扬
4073,见机行事
4074,疾风暴雨
4075,少年老成
4076,南橘北枳
4077,五大三粗
4078,闭关自守
4079,清规戒律
4080,俭以养德
4081,时移世易
4082,仗势欺人
4083,有言在先
4084,患难夫妻
4085,改换门庭
4086,全盘托出
4087,壮志凌云
4088,玩火自焚
4089,戴罪立功
4090,以礼相待
4091,掐头去尾
4092,至死不渝
4093,无所不有
4094,与虎谋皮
4095,国家栋梁
4096,密锣紧鼓
4097,取信于人
4098,安贫乐道
4099,唠唠叨叨
4100,患难之交
4101,刀下留人
4102,云蒸霞蔚
4103,破罐破摔
4104,牛鬼蛇神
4105,劳苦功高
4106,以卵击石
4107,兵强马壮
4108,有案可查
4109,先公后私
4110,过江之鲫
4111,膘肥体壮
4112,收回成命
4113,有棱有角
4114,回光返照
4115,空口无凭
4116,枯枝败叶
4117,横行无忌
4118,谷贱伤农
4119,君子之交
4120,握手言欢
4121,自求多福
4122,无所不知
4123,刚直不阿
4124,出人意外
4125,唯命是从
4126,不可捉摸
4127,没精打采
4128,关门闭户
4129,冤冤相报
4130,决胜千里
4131,离群索居
4132,江湖骗子
4133,不言不语
4134,弊绝风清
4135,大智大勇
4136,低三下四
4137,自成一家
4138,应付自如
4139,不咸不淡
4140,直上直下
4141,以文会友
4142,势不可当
4143,失道寡助
4144,礼崩乐坏
4145,寝食不安
4146,九五之尊
4147,自成一格
4148,除旧布新
4149,怜香惜玉
4150,三人成虎
4151,振振有辞
4152,鹬蚌相争
4153,偷天换日
4154,同心合力
4155,不共戴天
4156,目光炯炯
4157,言为心声
4158,鸣锣开道
4159,雄才大略
4160,不干不净
4161,旧话重提
4162,晨钟暮鼓
4163,时不再来
4164,倾国倾城
4165,如花似玉
4166,小脚女人
4167,爱惜羽毛
4168,茂林修竹
4169,百步穿杨
4170,五毒俱全
4171,踌躇不前
4172,未卜先知
4173,含苞欲放
4174,百思不解
4175,咫尺天涯
4176,满面红光
4177,排除异己
4178,志在四方
4179,独揽大权
4180,一定之规
4181,垂帘听政
4182,以逸待劳
4183,脚不沾地
4184,安家立业
4185,后生可畏
4186,神情自若
4187,天理难容
4188,半梦半醒
4189,自卖自夸
4190,万籁俱寂
4191,于心何忍
4192,徒劳无益
4193,邯郸学步
4194,大彻大悟
4195,能工巧匠
4196,四海为家
4197,相生相克
4198,居功自傲
4199,青出于蓝
4200,今不如昔
4201,有口难辩
4202,指桑骂槐
4203,养虎为患
4204,言归正传
4205,格物致知
4206,时运不济
4207,心神不定
4208,水火无情
4209,似水流年
4210,男耕女织
4211,望梅止渴
4212,羊肠小道
4213,自寻烦恼
4214,蜕化变质
4215,劳师动众
4216,接风洗尘
4217,拈轻怕重
4218,秀外慧中
4219,自不量力
4220,说来话长
4221,风卷残云
4222,敢作敢当
4223,穷山恶水
4224,龙争虎斗
4225,拼死拼活
4226,百折不回
4227,傲然挺立
4228,学富五车
4229,俗不可耐
4230,民生凋敝
4231,思绪万千
4232,所向无敌
4233,因人制宜
4234,弹冠相庆
4235,方寸之地
4236,成年累月
4237,群魔乱舞
4238,壁垒森严
4239,清心寡欲
4240,下回分解
4241,阴错阳差
4242,仙风道骨
4243,以身殉国
4244,鼠目寸光
4245,逼良为娼
4246,千回百转
4247,凄风冷雨
4248,益寿延年
4249,又红又专
4250,涸泽而渔
4251,目光如炬
4252,处之泰然
4253,五花大绑
4254,针头线脑
4255,一张一弛
4256,至善至美
4257,绵里藏针
4258,不越雷池
4259,手眼通天
4260,愁云惨雾
4261,不绝如缕
4262,一钱不值
4263,心慌意乱
4264,贪生怕死
4265,庖丁解牛
4266,苦难深重
4267,狼烟四起
4268,亦庄亦谐
4269,点头哈腰
4270,鉴往知来
4271,狰狞面目
4272,女娲补天
4273,春去秋来
4274,少见多怪
4275,吃里爬外
4276,惜墨如金
4277,南郭先生
4278,不懂装懂
4279,鼓乐喧天
4280,照猫画虎
4281,永志不忘
4282,光阴似箭
4283,鸣冤叫屈
4284,青史留名
4285,自视甚高
4286,是非分明
4287,破除迷信
4288,山重水复
4289,择善而从
4290,眼明手快
4291,志在千里
4292,酒酣耳热
4293,遗臭万年
4294,不祥之兆
4295,东挪西凑
4296,风雨如晦
4297,摇头摆尾
4298,泼妇骂街
4299,风雨不改
4300,不可胜数
4301,局促不安
4302,仪表堂堂
4303,欺软怕硬
4304,趋炎附势
4305,狗血淋头
4306,与时偕行
4307,飘飘欲仙
4308,偷偷摸摸
4309,一夫当关
4310,鹤发童颜
4311,大地回春
4312,沸反盈天
4313,事不过三
4314,开疆辟土
4315,有条有理
4316,悔恨交加
4317,牛刀小试
4318,洞若观火
4319,一决雌雄
4320,玉树临风
4321,出乎意外
4322,伯乐相马
4323,一息尚存
4324,云开雾散
4325,珍禽异兽
4326,比肩而立
4327,精明强干
4328,心如止水
4329,大智若愚
4330,仁义道德
4331,洋洋洒洒
4332,锦绣河山
4333,东西南北
4334,棒打鸳鸯
4335,两小无猜
4336,金风送爽
4337,冤家路窄
4338,情景交融
4339,左邻右里
4340,耍嘴皮子
4341,缘木求鱼
4342,手不释卷
4343,格杀勿论
4344,莫逆之交
4345,等米下锅
4346,变化无穷
4347,宝刀未老
4348,别无他物
4349,杀身之祸
4350,苟且偷生
4351,寥若晨星
4352,无往不利
4353,庸庸碌碌
4354,心猿意马
4355,大呼小叫
4356,河东狮吼
4357,大模大样
4358,专横跋扈
4359,淡泊明志
4360,人各有志
4361,动荡不定
4362,气贯长虹
4363,以人为镜
4364,众星拱月
4365,嫁祸于人
4366,对牛弹琴
4367,寻死觅活
4368,难分难解
4369,地老天荒
4370,飞针走线
4371,好勇斗狠
4372,头痛脑热
4373,黄粱一梦
4374,国破家亡
4375,积土成山
4376,泰山压顶
4377,塞翁失马
4378,惊恐万状
4379,勤能补拙
4380,玉石俱焚
4381,有胆有识
4382,晓以利害
4383,宾客盈门
4384,党同伐异
4385,吃穿用度
4386,分进合击
4387,高山峻岭
4388,味同嚼蜡
4389,五洲四海
4390,内查外调
4391,天下无双
4392,老气横秋
4393,文弱书生
4394,女中豪杰
4395,不容分说
4396,变幻无常
4397,炮火连天
4398,遇人不淑
4399,破铜烂铁
4400,代人受过
4401,宝刀不老
4402,瓮中之鳖
4403,平铺直叙
4404,鹦鹉学舌
4405,生死之交
4406,水来土掩
4407,评头品足
4408,金玉良言
4409,孔孟之道
4410,刻苦耐劳
4411,寿比南山
4412,君子协定
4413,青云直上
4414,白日做梦
4415,口服心服
4416,闻风而至
4417,梁上君子
4418,上下同欲
4419,不打自招
4420,朝野上下
4421,天造地设
4422,文武兼备
4423,报仇雪恨
4424,锐不可当
4425,悲喜交集
4426,一脉相传
4427,旧地重游
4428,如芒在背
4429,极乐世界
4430,当局者迷
4431,命在旦夕
4432,亲仁善邻
4433,插翅难逃
4434,立锥之地
4435,兵贵神速
4436,三阳开泰
4437,笨鸟先飞
4438,棋逢对手
4439,有凭有据
4440,要死要活
4441,傲慢无礼
4442,逆耳之言
4443,壁立千仞
4444,郎才女貌
4445,风韵犹存
4446,单刀赴会
4447,英雄豪杰
4448,出人意表
4449,诛心之论
4450,流年不利
4451,三省吾身
4452,色胆包天
4453,精神百倍
4454,外柔内刚
4455,谈古论今
4456,一命呜呼
4457,逐鹿中原
4458,至亲好友
4459,排斥异己
4460,分文未取
4461,定国安邦
4462,林林总总
4463,江山如画
4464,甘苦与共
4465,久病成医
4466,承先启后
4467,盗亦有道
4468,变动不居
4469,同声相应
4470,凄风苦雨
4471,遗世独立
4472,出水芙蓉
4473,将功补过
4474,言之成理
4475,七老八十
4476,笔走龙蛇
4477,从恶如崩
4478,长篇累牍
4479,苦乐不均
4480,满天星斗
4481,心中无数
4482,心怀叵测
4483,怒气冲天
4484,手到病除
4485,鹰击长空
4486,同声同气
4487,人财两失
4488,不可企及
4489,一面之交
4490,零打碎敲
4491,坐失良机
4492,从谏如流
4493,铸剑为犁
4494,死皮赖脸
4495,胼手胝足
4496,暗送秋波
4497,古圣先贤
4498,天理不容
4499,舐犊情深
4500,飞龙在天
4501,恩重如山
4502,无牵无挂
4503,感慨万端
4504,诚心实意
4505,坚贞不渝
4506,先人后己
4507,在所不辞
4508,惟利是图
4509,正经八百
4510,良药苦口
4511,修齐治平
4512,怒目而视
4513,图财害命
4514,女大当嫁
4515,池鱼之殃
4516,壮心不已
4517,轻歌曼舞
4518,没头没脑
4519,不知深浅
4520,难如登天
4521,赌咒发誓
4522,一介书生
4523,男大当婚
4524,重峦叠嶂
4525,杀人越货
4526,草船借箭
4527,罪责难逃
4528,奋勇当先
4529,博古通今
4530,从善如登
4531,心怀忐忑
4532,看破红尘
4533,梨花带雨
4534,男欢女爱
4535,闯荡江湖
4536,以攻为守
4537,丢卒保车
4538,爬山涉水
4539,一文不名
4540,苛捐杂税
4541,心乱如麻
4542,喷薄欲出
4543,半丝半缕
4544,变幻无穷
4545,积沙成塔
4546,目不斜视
4547,心细如发
4548,乌七八糟
4549,黄雀在后
4550,春和景明
4551,攻无不克
4552,金无足赤
4553,钟灵毓秀
4554,半斤八两
4555,生生死死
4556,土豪劣绅
4557,跳梁小丑
4558,略见一斑
4559,相貌堂堂
4560,蔚成风气
4561,远交近攻
4562,一团漆黑
4563,怡然自乐
4564,毛手毛脚
4565,惹火烧身
4566,风急浪高
4567,孤军深入
4568,天外有天
4569,回眸一笑
4570,莺飞草长
4571,好为人师
4572,暧昧不明
4573,小肚鸡肠
4574,不耻下问
4575,神经错乱
4576,事过境迁
4577,身单力薄
4578,残羹冷炙
4579,日落西山
4580,普度众生
4581,慷慨就义
4582,五子登科
4583,洗耳恭听
4584,面目一新
4585,文如其人
4586,顾影自怜
4587,另眼相待
4588,对酒当歌
4589,积善成德
4590,举世皆知
4591,节哀顺变
4592,义薄云天
4593,三皇五帝
4594,闲云野鹤
4595,汪洋大海
4596,洗手不干
4597,狗皮膏药
4598,方便之门
4599,怪力乱神
4600,蹉跎岁月
4601,大红大绿
4602,各取所长
4603,打小算盘
4604,临别赠言
4605,锦绣山河
4606,何患无辞
4607,柔情蜜意
4608,风流人物
4609,何罪之有
4610,徒有其名
4611,原封未动
4612,刀枪入库
4613,天府之国
4614,阴阳怪气
4615,家学渊源
4616,前呼后拥
4617,孝悌忠信
4618,终南捷径
4619,硕大无比
4620,马革裹尸
4621,望风而逃
4622,近悦远来
4623,悄然无声
4624,封妻荫子
4625,李代桃僵
4626,纤尘不染
4627,温文儒雅
4628,金玉满堂
4629,以观后效
4630,逸闻趣事
4631,地久天长
4632,列祖列宗
4633,贫困潦倒
4634,一家之言
4635,遮人耳目
4636,雕虫小技
4637,三跪九叩
4638,百年大业
4639,神气活现
4640,虾兵蟹将
4641,大显神通
4642,沃野千里
4643,反躬自问
4644,不顾大局
4645,话中有话
4646,利害得失
4647,坚壁清野
4648,千叮万嘱
4649,精卫填海
4650,人言可畏
4651,一片汪洋
4652,一长一短
4653,家贼难防
4654,耳鬓厮磨
4655,实心实意
4656,危如累卵
4657,正中下怀
4658,始乱终弃
4659,鬼哭狼嚎
4660,清汤寡水
4661,巧言令色
4662,负荆请罪
4663,靡靡之音
4664,风吹浪打
4665,围魏救赵
4666,一目十行
4667,开国功臣
4668,披肝沥胆
4669,震天动地
4670,公报私仇
4671,墨迹未干
4672,父慈子孝
4673,引而不发
4674,吹吹打打
4675,奉若神明
4676,张口结舌
4677,损兵折将
4678,重起炉灶
4679,视为畏途
4680,徒子徒孙
4681,首鼠两端
4682,守身如玉
4683,断垣残壁
4684,国将不国
4685,一片丹心
4686,岁月峥嵘
4687,能屈能伸
4688,万马齐喑
4689,精锐之师
4690,枯木逢春
4691,成名成家
4692,日久天长
4693,立地成佛
4694,安不忘危
4695,天下归心
4696,如箭在弦
4697,游移不定
4698,如狼似虎
4699,孤立无助
4700,砥柱中流
4701,另眼看待
4702,长话短说
4703,学非所用
4704,红男绿女
4705,同气相求
4706,众口铄金
4707,天知地知
4708,苍翠欲滴
4709,积习难改
4710,一柱擎天
4711,言多必失
4712,湮没无闻
4713,螳臂当车
4714,见猎心喜
4715,千刀万剐
4716,福如东海
4717,不败之地
4718,老成持重
4719,横冲直闯
4720,不知所以
4721,置之脑后
4722,出口伤人
4723,一通百通
4724,绵绵不断
4725,阿猫阿狗
4726,闻鸡起舞
4727,敝帚自珍
4728,色厉内荏
4729,火烧火燎
4730,富商巨贾
4731,自由放任
4732,亲临其境
4733,曲意逢迎
4734,土洋结合
4735,举案齐眉
4736,王侯将相
4737,丢盔弃甲
4738,威武不屈
4739,置之不顾
4740,凤冠霞帔
4741,积水成渊
4742,蝇头小楷
4743,缺吃少穿
4744,夫妻反目
4745,滔天大罪
4746,水火之中
4747,长幼有序
4748,弃暗投明
4749,无所不为
4750,狼子野心
4751,三朝元老
4752,茹毛饮血
4753,慷慨悲歌
4754,耳顺之年
4755,欢呼雀跃
4756,搜肠刮肚
4757,付之一笑
4758,一路风尘
4759,从心所欲
4760,难分难舍
4761,小道消息
4762,魑魅魍魉
4763,独霸一方
4764,隐忍不发
4765,胸中有数
4766,超然物外
4767,四大皆空
4768,买椟还珠
4769,鸡零狗碎
4770,阿谀逢迎
4771,生花妙笔
4772,一字千金
4773,以怨报德
4774,千沟万壑
4775,形影相随
4776,本性难移
4777,一挥而就
4778,虚度年华
4779,闭目塞听
4780,救苦救难
4781,分家析产
4782,垂暮之年
4783,拾人牙慧
4784,自食其言
4785,三纲五常
4786,尺有所短
4787,各奔前程
4788,黄粱美梦
4789,肆意横行
4790,表里山河
4791,金屋藏娇
4792,相对无言
4793,寸有所长
4794,嗟来之食
4795,不足为虑
4796,急公好义
4797,新仇旧恨
4798,贪心不足
4799,焚书坑儒
4800,若烹小鲜
4801,食不甘味
4802,油嘴滑舌
4803,全知全能
4804,国仇家恨
4805,力所不及
4806,花容月貌
4807,坎坷不平
4808,恶贯满盈
4809,横征暴敛
4810,人老珠黄
4811,言归于好
4812,漠然置之
4813,误人子弟
4814,爱民如子
4815,剥茧抽丝
4816,困兽犹斗
4817,必经之路
4818,立身处世
4819,乔装改扮
4820,不敢造次
4821,同出一辙
4822,震古烁今
4823,争名夺利
4824,放浪形骸
4825,选贤与能
4826,六畜兴旺
4827,金玉良缘
4828,作如是观
4829,孔武有力
4830,卷帙浩繁
4831,备而不用
4832,青红皂白
4833,独出心裁
4834,万里迢迢
4835,大恩大德
4836,赞口不绝
4837,江东父老
4838,等而下之
4839,南柯一梦
4840,江洋大盗
4841,山明水秀
4842,面有难色
4843,披坚执锐
4844,渺无人烟
4845,天渊之别
4846,公正廉明
4847,君子好逑
4848,闭门思过
4849,眉目传情
4850,攻心为上
4851,大敌当前
4852,点头之交
4853,插翅难飞
4854,以一当十
4855,修旧利废
4856,苦口良药
4857,见惯不惊
4858,就地正法
4859,好好先生
4860,得失成败
4861,有始无终
4862,生生世世
4863,比肩接踵
4864,狗血喷头
4865,坐卧不宁
4866,冷眼相待
4867,甜酸苦辣
4868,泽被后世
4869,勤学好问
4870,哀而不伤
4871,伉俪情深
4872,身价百倍
4873,三生有幸
4874,目不暇给
4875,情深义重
4876,大音希声
4877,九九归一
4878,户枢不蠹
4879,上兵伐谋
4880,黄钟大吕
4881,睚眦必报
4882,心宽体胖
4883,不平则鸣
4884,秋收冬藏
4885,门禁森严
4886,冤家对头
4887,英雄气短
4888,安土重迁
4889,白纸黑字
4890,干脆利落
4891,寡廉鲜耻
4892,两面三刀
4893,一丘之貉
4894,内外夹攻
4895,威胁利诱
4896,一手一脚
4897,温柔敦厚
4898,窒碍难行
4899,坐言起行
4900,缓不济急
4901,鱼肉百姓
4902,马放南山
4903,无关大局
4904,死有余辜
4905,后会有期
4906,死得其所
4907,弃笔从戎
4908,兄弟阋墙
4909,班门弄斧
4910,虚有其表
4911,道德文章
4912,意气相投
4913,文韬武略
4914,万物之灵
4915,鼾声如雷
4916,畏葸不前
4917,胸无大志
4918,借刀杀人
4919,外圆内方
4920,欲速不达
4921,千娇百媚
4922,同生共死
4923,心明眼亮
4924,驷马难追
4925,大梦初醒
4926,漆黑一团
4927,权宜之策
4928,趋吉避凶
4929,芒刺在背
4930,绝顶聪明
4931,点铁成金
4932,一时半刻
4933,有头有尾
4934,步步登高
4935,三姑六婆
4936,全军覆灭
4937,淡而无味
4938,贼心不死
4939,马到功成
4940,鸿鹄之志
4941,是是非非
4942,言之无物
4943,鸡鸣狗盗
4944,娇小玲珑
4945,明枪暗箭
4946,怡情养性
4947,泪眼汪汪
4948,斑驳陆离
4949,宾朋满座
4950,富国强民
4951,见异思迁
4952,哼哼唧唧
4953,从容就义
4954,出头露面
4955,荒谬绝伦
4956,排除万难
4957,捐弃前嫌
4958,舌战群儒
4959,诡计多端
4960,舍本求末
4961,书香门第
4962,才高八斗
4963,敌众我寡
4964,老鼠过街
4965,不可言传
4966,三从四德
4967,忠孝节义
4968,日甚一日
4969,业精于勤
4970,破竹之势
4971,归去来兮
4972,学而不厌
4973,打家劫舍
4974,杀人如麻
4975,包藏祸心
4976,百万雄师
4977,愚不可及
4978,无名小卒
4979,黄袍加身
4980,五谷不分
4981,不忍卒读
4982,怨气冲天
4983,不知好歹
4984,欢蹦乱跳
4985,竹篮打水
4986,非我族类
4987,呼天抢地
4988,水木清华
4989,愁肠百结
4990,如切如磋
4991,近乡情怯
4992,海枯石烂
4993,萧规曹随
4994,秦晋之好
4995,任其自然
4996,戎马倥偬
4997,一清二白
4998,临渊羡鱼
4999,理屈词穷
5000,虎口拔牙
5001,前思后想
5002,削铁如泥
5003,太平无事
5004,溢美之辞
5005,一片焦土
5006,抱头鼠窜
5007,流落他乡
5008,虎背熊腰
5009,有害无利
5010,天荒地老
5011,死不悔改
5012,面如土色
5013,流芳千古
5014,遁入空门
5015,触目皆是
5016,邪门歪道
5017,天大地大
5018,老奸巨猾
5019,收之桑榆
5020,七扭八歪
5021,利害相关
5022,呼朋唤友
5023,了若指掌
5024,云泥之别
5025,无影无形
5026,低吟浅唱
5027,粗中有细
5028,忘年之交
5029,力不能及
5030,踟蹰不前
5031,不分胜负
5032,以德报德
5033,十室九空
5034,溜须拍马
5035,初露头角
5036,聚少成多
5037,打落水狗
5038,以绝后患
5039,人生如梦
5040,十指连心
5041,离题万里
5042,干脆利索
5043,誉满天下
5044,击中要害
5045,片言只语
5046,七零八碎
5047,军令如山
5048,驰骋疆场
5049,无所忌惮
5050,昏天暗地
5051,经天纬地
5052,好心好意
5053,披红戴花
5054,法力无边
5055,嫣然一笑
5056,器宇轩昂
5057,计上心来
5058,电光石火
5059,轻如鸿毛
5060,龙蛇混杂
5061,今夕何夕
5062,攀龙附凤
5063,触景伤情
5064,歃血为盟
5065,攻其不备
5066,失之东隅
5067,万寿无疆
5068,看家本事
5069,有头无尾
5070,秋毫无犯
5071,亲痛仇快
5072,未定之天
5073,知我罪我
5074,一脉相通
5075,春风满面
5076,父债子还
5077,吉星高照
5078,傲然屹立
5079,生拉硬扯
5080,挨门挨户
5081,扭亏增盈
5082,树大根深
5083,乳臭未干
5084,天人之际
5085,汪洋恣肆
5086,反攻倒算
5087,心口不一
5088,未能免俗
5089,乐而忘返
5090,故技重演
5091,天摇地动
5092,人困马乏
5093,故作高深
5094,洞天福地
5095,各有所好
5096,关门打狗
5097,孝子贤孙
5098,低眉顺眼
5099,有口难言
5100,徇情枉法
5101,斩尽杀绝
5102,之乎者也
5103,天塌地陷
5104,痴男怨女
5105,血海深仇
5106,山光水色
5107,杜绝后患
5108,事无大小
5109,一己之见
5110,士农工商
5111,协力同心
5112,笑里藏刀
5113,心惊胆寒
5114,谈情说爱
5115,雁过留声
5116,财运亨通
5117,兼善天下
5118,谋事在人
5119,恭贺新禧
5120,神气十足
5121,丧家之犬
5122,习焉不察
5123,哭天喊地
5124,混世魔王
5125,回天之力
5126,荟萃一堂
5127,不成体统
5128,翩翩少年
5129,祸起萧墙
5130,鹏程万里
5131,横扫千军
5132,承欢膝下
5133,劳而无功
5134,俯首帖耳
5135,左拥右抱
5136,人烟稠密
5137,见所未见
5138,调和鼎鼐
5139,四体不勤
5140,走马看花
5141,馋涎欲滴
5142,各为其主
5143,仪态万方
5144,草莽英雄
5145,寻花问柳
5146,以己度人
5147,敷衍搪塞
5148,亘古未有
5149,恶语中伤
5150,直抒己见
5151,公私兼顾
5152,雄姿英发
5153,暮鼓晨钟
5154,要言不烦
5155,星星之火
5156,先忧后乐
5157,余音袅袅
5158,趁人之危
5159,从容自如
5160,卑鄙无耻
5161,明德惟馨
5162,春秋笔法
5163,雍容大度
5164,洞房花烛
5165,浮皮潦草
5166,瞎子摸象
5167,踽踽独行
5168,赏心乐事
5169,碍手碍脚
5170,无所不及
5171,疾言厉色
5172,防微虑远
5173,娓娓而谈
5174,丹凤朝阳
5175,老马识途
5176,英姿勃勃
5177,人地生疏
5178,创业维艰
5179,诡谲多变
5180,不死不活
5181,装傻充愣
5182,好言好语
5183,七弯八拐
5184,裙带关系
5185,是非颠倒
5186,珠圆玉润
5187,大有起色
5188,判若云泥
5189,狗尾续貂
5190,汗流满面
5191,迟疑不决
5192,三年五载
5193,雕龙画凤
5194,新人新事
5195,城下之盟
5196,年深日久
5197,高人一筹
5198,借花献佛
5199,仁心仁术
5200,借古喻今
5201,一无所得
5202,弃恶从善
5203,举国一致
5204,饱学之士
5205,付诸一炬
5206,金枝玉叶
5207,用其所长
5208,摩肩擦踵
5209,日行千里
5210,动如脱兔
5211,便宜行事
5212,行将就木
5213,坐怀不乱
5214,开山祖师
5215,恶语伤人
5216,男婚女嫁
5217,螳臂挡车
5218,不可名状
5219,阳关大道
5220,言不及义
5221,礼贤下士
5222,分身无术
5223,脱缰之马
5224,妖言惑众
5225,默默无言
5226,白面书生
5227,葬身鱼腹
5228,似笑非笑
5229,损人害己
5230,恃才傲物
5231,知彼知己
5232,大厦将倾
5233,不肖子孙
5234,声誉鹊起
5235,玄之又玄
5236,不可言喻
5237,血债累累
5238,纵横天下
5239,金声玉振
5240,秉笔直书
5241,遗老遗少
5242,敬业乐群
5243,人面桃花
5244,心比天高
5245,洋洋大观
5246,琼浆玉液
5247,惟命是从
5248,无所不至
5249,气息奄奄
5250,以此类推
5251,逝者如斯
5252,不尴不尬
5253,吹糠见米
5254,迟暮之年
5255,明知故问
5256,一望无边
5257,扼腕长叹
5258,良莠不分
5259,文人相轻
5260,曾经沧海
5261,铁树开花
5262,烈火烹油
5263,浓妆淡抹
5264,别有滋味
5265,衣香鬓影
5266,下逐客令
5267,大慈大悲
5268,兴利除害
5269,熔于一炉
5270,当耳边风
5271,情深似海
5272,克己复礼
5273,须发皆白
5274,泄露天机
5275,毁家纾难
5276,心如死灰
5277,不敢问津
5278,心醉神迷
5279,大权旁落
5280,正正经经
5281,竭尽心力
5282,里通外国
5283,慌作一团
5284,一无所成
5285,积非成是
5286,一点半点
5287,饮食男女
5288,能者多劳
5289,重温旧梦
5290,虎落平阳
5291,当耳旁风
5292,浓荫蔽日
5293,食古不化
5294,仰人鼻息
5295,福星高照
5296,皓首穷经
5297,此伏彼起
5298,直捣黄龙
5299,绿林好汉
5300,寂寂无闻
5301,神色自若
5302,荒诞无稽
5303,巨细无遗
5304,晓以大义
5305,五味俱全
5306,语不惊人
5307,良禽择木
5308,人非草木
5309,巴山夜雨
5310,举止大方
5311,酒池肉林
5312,还我河山
5313,生吞活剥
5314,日上三竿
5315,以身许国
5316,抱薪救火
5317,前俯后仰
5318,小国寡民
5319,连中三元
5320,黄发垂髫
5321,东风浩荡
5322,长歌当哭
5323,神乎其技
5324,长江天堑
5325,杳无踪迹
5326,晨光熹微
5327,令人喷饭
5328,棋高一着
5329,文武之道
5330,文治武功
5331,青面獠牙
5332,呆头呆脑
5333,修桥补路
5334,杀身成仁
5335,食不知味
5336,甘心情愿
5337,罢黜百家
5338,朝朝暮暮
5339,明心见性
5340,好色之徒
5341,寻根究底
5342,冥顽不灵
5343,博闻强记
5344,一往直前
5345,猖獗一时
5346,自高自大
5347,船坚炮利
5348,嘉言懿行
5349,轻徭薄赋
5350,明眸皓齿
5351,兴味索然
5352,喷云吐雾
5353,海晏河清
5354,山水相连
5355,一鳞半爪
5356,儿女亲家
5357,抱头大哭
5358,不教而诛
5359,干柴烈火
5360,天高地厚
5361,鲍鱼之肆
5362,悬梁刺股
5363,遐迩闻名
5364,清风明月
5365,大发慈悲
5366,内圣外王
5367,兔死狐悲
5368,龙生九子
5369,天诛地灭
5370,秣马厉兵
5371,岁月蹉跎
5372,引车卖浆
5373,铸成大错
5374,姑妄听之
5375,不得善终
5376,和衣而卧
5377,屁滚尿流
5378,富贵荣华
5379,修心养性
5380,不仁不义
5381,仪态万千
5382,胆小如鼠
5383,沉心静气
5384,风流才子
5385,无所用心
5386,百无一用
5387,百花争妍
5388,寸步难移
5389,无人之境
5390,养痈成患
5391,击楫中流
5392,老有所终
5393,知恩报恩
5394,人多嘴杂
5395,沉鱼落雁
5396,铭心刻骨
5397,帝王将相
5398,虚应故事
5399,学海无涯
5400,饿殍遍野
5401,雏鹰展翅
5402,图穷匕见
5403,无名小辈
5404,闲言闲语
5405,秉公办理
5406,月明星稀
5407,多谋善断
5408,刨根究底
5409,一望而知
5410,一时之选
5411,血性男儿
5412,气味相投
5413,闭月羞花
5414,胯下之辱
5415,含笑九泉
5416,惊喜交加
5417,永矢弗谖
5418,物换星移
5419,安邦定国
5420,喊冤叫屈
5421,势如水火
5422,积谷防饥
5423,愁云惨淡
5424,丹书铁券
5425,料事如神
5426,同气连枝
5427,若有所失
5428,没齿难忘
5429,饱食终日
5430,无关宏旨
5431,杯盘狼藉
5432,杞人之忧
5433,识文断字
5434,三山五岳
5435,人才难得
5436,讲经说法
5437,耳根清净
5438,玉树琼枝
5439,切齿痛恨
5440,子丑寅卯
5441,参差错落
5442,钩心斗角
5443,不知就里
5444,添枝加叶
5445,天外飞来
5446,奇技淫巧
5447,倒果为因
5448,文人学士
5449,惺惺作态
5450,泰山北斗
5451,改恶从善
5452,仗义疏财
5453,转弯抹角
5454,怒火冲天
5455,有约在先
5456,跃马扬鞭
5457,长夜漫漫
5458,威信扫地
5459,曲里拐弯
5460,夸父逐日
5461,踏破铁鞋
5462,舍身求法
5463,枉费心机
5464,遥遥相对
5465,盖世英雄
5466,得陇望蜀
5467,食不下咽
5468,利害攸关
5469,没头苍蝇
5470,扶危救困
5471,刀枪剑戟
5472,大头小尾
5473,在此一举
5474,当断不断
5475,忠肝义胆
5476,身无长物
5477,成群结伙
5478,冲口而出
5479,暗箭伤人
5480,不药而愈
5481,杳无踪影
5482,目不忍睹
5483,海角天涯
5484,招蜂引蝶
5485,恩断义绝
5486,不识抬举
5487,力有未逮
5488,离奇古怪
5489,片甲不留
5490,不知凡几
5491,清廉正直
5492,油腔滑调
5493,一触即溃
5494,邪不胜正
5495,糟糠之妻
5496,熬更守夜
5497,桃之夭夭
5498,源源而来
5499,济世救人
5500,娓娓动听
5501,一天一地
5502,头昏目眩
5503,莫此为甚
5504,亲如手足
5505,空话连篇
5506,百孔千疮
5507,唇红齿白
5508,水中捞月
5509,以直报怨
5510,言人人殊
5511,谬种流传
5512,艺高胆大
5513,名垂千古
5514,七十二行
5515,十二金钗
5516,如痴如狂
5517,海底捞针
5518,沁人肺腑
5519,自命清高
5520,酒后失言
5521,明升暗降
5522,国无宁日
5523,贼眉鼠眼
5524,相辅而行
5525,不落窠臼
5526,相沿成习
5527,春花秋月
5528,择邻而居
5529,官逼民反
5530,求仁得仁
5531,临危授命
5532,好事之徒
5533,神机妙算
5534,筋疲力竭
5535,云谲波诡
5536,独断独行
5537,绫罗绸缎
5538,班师回朝
5539,渺无音讯
5540,说长道短
5541,秋水伊人
5542,侧目而视
5543,光复旧物
5544,水性杨花
5545,罪恶滔天
5546,魂不附体
5547,行有余力
5548,东跑西颠
5549,包罗万有
5550,海阔天高
5551,胡服骑射
5552,居大不易
5553,三妻四妾
5554,参差不一
5555,肥头大耳
5556,夸父追日
5557,无可讳言
5558,不知轻重
5559,鼎足而立
5560,碧空万里
5561,宁折不弯
5562,乐天知命
5563,不知死活
5564,月下老人
5565,绣花枕头
5566,男盗女娼
5567,敬谢不敏
5568,视如珍宝
5569,废话连篇
5570,万古流芳
5571,好整以暇
5572,结发夫妻
5573,归根结蒂
5574,剑胆琴心
5575,束手待毙
5576,另请高明
5577,穷且益坚
5578,匹夫之勇
5579,蓬荜生辉
5580,明镜高悬
5581,自轻自贱
5582,赤地千里
5583,移山填海
5584,争前恐后
5585,拆东补西
5586,空谷幽兰
5587,视同儿戏
5588,灿若繁星
5589,乘龙快婿
5590,日月如梭
5591,宵衣旰食
5592,穿凿附会
5593,形容憔悴
5594,竹报平安
5595,坐地分赃
5596,百废待举
5597,东郭先生
5598,开物成务
5599,敬老尊贤
5600,不名一文
5601,极而言之
5602,宛转悠扬
5603,同心戮力
5604,躬行实践
5605,割据一方
5606,身历其境
5607,奉天承运
5608,定于一尊
5609,看菜吃饭
5610,不矜细行
5611,花香鸟语
5612,放火烧山
5613,分文不值
5614,饱经风雨
5615,红颜薄命
5616,衣不解带
5617,不足为训
5618,过而能改
5619,宏图大志
5620,雨打风吹
5621,视为儿戏
5622,小康之家
5623,明媒正娶
5624,前倨后恭
5625,令人齿冷
5626,低声细语
5627,所见略同
5628,千山万壑
5629,感慨系之
5630,一个半个
5631,躬逢其盛
5632,强奸民意
5633,养家活口
5634,四面受敌
5635,千门万户
5636,物阜民丰
5637,人穷志短
5638,星移斗转
5639,兵不厌诈
5640,来去无踪
5641,混淆黑白
5642,借古讽今
5643,支吾其词
5644,嫁狗随狗
5645,光可鉴人
5646,长幼尊卑
5647,不辨真伪
5648,地灵人杰
5649,始终不懈
5650,家贫如洗
5651,龙盘虎踞
5652,尽释前嫌
5653,狼奔豕突
5654,不吝赐教
5655,琼楼玉宇
5656,长风破浪
5657,俯首听命
5658,粥少僧多
5659,双宿双飞
5660,鲜衣怒马
5661,福寿双全
5662,死乞白赖
5663,非驴非马
5664,额手称庆
5665,述而不作
5666,每下愈况
5667,宽宏大度
5668,物伤其类
5669,回肠荡气
5670,有眼无珠
5671,决一胜负
5672,彼此彼此
5673,弹尽援绝
5674,祛病延年
5675,碧血丹心
5676,万头攒动
5677,认贼作父
5678,惟我独尊
5679,走为上策
5680,一碧万顷
5681,天打雷劈
5682,月朗星稀
5683,袒胸露背
5684,身心交瘁
5685,不如归去
5686,明月清风
5687,雀屏中选
5688,游必有方
5689,买空卖空
5690,袅袅婷婷
5691,料峭春寒
5692,锦绣江山
5693,感恩图报
5694,孤魂野鬼
5695,山摇地动
5696,加官进爵
5697,率土之滨
5698,束手无措
5699,寻踪觅迹
5700,铮铮铁汉
5701,笔墨官司
5702,绝代佳人
5703,聪明睿智
5704,隔墙有耳
5705,争强斗狠
5706,天涯咫尺
5707,先入之见
5708,半懂不懂
5709,吴下阿蒙
5710,斜风细雨
5711,厚古薄今
5712,应答如流
5713,一曝十寒
5714,同心共济
5715,蚕食鲸吞
5716,月朗风清
5717,有来无回
5718,百川归海
5719,无所不通
5720,远亲近邻
5721,有勇无谋
5722,博闻强识
5723,惠而不费
5724,杳无人烟
5725,正心诚意
5726,慎终如始
5727,鸡鸣犬吠
5728,一语破的
5729,河清海晏
5730,冰雪聪明
5731,虎踞龙盘
5732,世态人情
5733,破门而出
5734,书香人家
5735,幕天席地
5736,百业萧条
5737,郁郁苍苍
5738,海底捞月
5739,好学不倦
5740,尊姓大名
5741,暮色苍茫
5742,俯仰之间
5743,忠孝两全
5744,鱼贯而行
5745,奴颜婢膝
5746,朴素无华
5747,颠来倒去
5748,隐名埋姓
5749,假手于人
5750,半新不旧
5751,遥遥在望
5752,凿壁偷光
5753,车载斗量
5754,美人迟暮
5755,抱打不平
5756,事缓则圆
5757,无可置喙
5758,地利人和
5759,蟾宫折桂
5760,谈笑自如
5761,冰雪严寒
5762,心灰意懒
5763,以战养战
5764,愣头愣脑
5765,岁寒三友
5766,一言为定
5767,四海升平
5768,难乎其难
5769,环肥燕瘦
5770,传为笑谈
5771,山长水远
5772,怪模怪样
5773,立功赎罪
5774,能掐会算
5775,是非得失
5776,撒泼打滚
5777,进退有度
5778,狗拿耗子
5779,不足为凭
5780,名震一时
5781,暗箭难防
5782,不容置喙
5783,以丰补歉
5784,豁达大度
5785,令人起敬
5786,君臣佐使
5787,八面威风
5788,福寿康宁
5789,有闻必录
5790,黯然销魂
5791,形影相吊
5792,股掌之上
5793,止戈为武
5794,瞎子摸鱼
5795,公平正直
5796,投鞭断流
5797,茕茕孑立
5798,堂皇富丽
5799,昏头昏脑
5800,倚强凌弱
5801,急不及待
5802,人多手杂
5803,逞强好胜
5804,夜阑人静
5805,纯属骗局
5806,以人为鉴
5807,绕梁三日
5808,垂手可得
5809,酣然入梦
5810,贪财好色
5811,八方支持
5812,子为父隐
5813,狗仗人势
5814,慎重其事
5815,不过尔尔
5816,浑身是胆
5817,古稀之年
5818,寸草春晖
5819,脑满肠肥
5820,画中有诗
5821,肝脑涂地
5822,挨门逐户
5823,人模狗样
5824,云消雾散
5825,朝秦暮楚
5826,区区小事
5827,大巧若拙
5828,羽扇纶巾
5829,敢怒敢言
5830,时移势易
5831,柔肠寸断
5832,一无所长
5833,举止言谈
5834,尺寸之功
5835,罪该万死
5836,沾花惹草
5837,文武全才
5838,虽死犹生
5839,无补于事
5840,一唱三叹
5841,草蛇灰线
5842,用尽心机
5843,地动山摇
5844,东歪西倒
5845,杏花春雨
5846,弹指之间
5847,敏而好学
5848,细微末节
5849,母慈子孝
5850,别树一帜
5851,长生不死
5852,好声好气
5853,一箭之遥
5854,祸福相依
5855,有耻且格
5856,心口如一
5857,万世师表
5858,万语千言
5859,奉为至宝
5860,诲淫诲盗
5861,不相为谋
5862,浮生若梦
5863,吉凶祸福
5864,名缰利锁
5865,前车可鉴
5866,五方杂处
5867,十字街口
5868,混混沌沌
5869,泛泛之交
5870,交口赞誉
5871,顾盼生辉
5872,鱼肉乡里
5873,狂风恶浪
5874,父为子隐
5875,流年似水
5876,音容宛在
5877,鸡鸣狗吠
5878,才疏学浅
5879,人世沧桑
5880,别来无恙
5881,钟鸣鼎食
5882,来处不易
5883,逼人太甚
5884,瓜分豆剖
5885,赤身露体
5886,卖国求荣
5887,狂涛巨浪
5888,安家乐业
5889,改弦易张
5890,置之死地
5891,低头哈腰
5892,手疾眼快
5893,相机而动
5894,百年之好
5895,有凤来仪
5896,心无挂碍
5897,谈笑自若
5898,寓意深长
5899,嫉贤妒能
5900,楼台亭阁
5901,养虎遗患
5902,鹊巢鸠占
5903,锄强扶弱
5904,诗中有画
5905,债多不愁
5906,一男半女
5907,为善最乐
5908,深信不疑
5909,老于世故
5910,白云苍狗
5911,转战千里
5912,清静无为
5913,旭日初升
5914,春满人间
5915,阴曹地府
5916,人事不知
5917,辩才无碍
5918,海不扬波
5919,焚膏继晷
5920,庄周梦蝶
5921,极目远望
5922,相形失色
5923,十字街头
5924,忸怩作态
5925,调和阴阳
5926,知情不举
5927,用兵如神
5928,霄壤之别
5929,偏信则暗
5930,响遏行云
5931,观者如云
5932,百花生日
5933,不分轩轾
5934,我见犹怜
5935,即兴之作
5936,积年累月
5937,义结金兰
5938,翩若惊鸿
5939,兄友弟恭
5940,如丧考妣
5941,敲骨吸髓
5942,横行天下
5943,寻根问底
5944,罪恶深重
5945,有口无心
5946,正直无私
5947,流言飞语
5948,问鼎中原
5949,百般折磨
5950,出将入相
5951,开花结实
5952,以身试险
5953,公道合理
5954,送往迎来
5955,血口喷人
5956,衮衮诸公
5957,落草为寇
5958,凤凰于飞
5959,是非之心
5960,离乡别井
5961,口蜜腹剑
5962,避实击虚
5963,七窍生烟
5964,雕栏玉砌
5965,青枝绿叶
5966,说千道万
5967,明眸善睐
5968,首尾两端
5969,财不露白
5970,披沙拣金
5971,衣冠禽兽
5972,人寿年丰
5973,略高一筹
5974,水光山色
5975,奸淫掳掠
5976,六道轮回
5977,柳绿花红
5978,永垂青史
5979,自愧弗如
5980,刀山火海
5981,刻骨仇恨
5982,畸重畸轻
5983,足不出门
5984,摇尾乞怜
5985,一片冰心
5986,积小成大
5987,死不足惜
5988,弄巧反拙
5989,初试锋芒
5990,大仁大义
5991,绿肥红瘦
5992,夫子自道
5993,哭天抹泪
5994,煞费心机
5995,走为上计
5996,莫可奈何
5997,笼中之鸟
5998,决一雌雄
5999,民胞物与
6000,小人得志
6001,铁壁铜墙
6002,穷奢极侈
6003,扬幡招魂
6004,硕大无朋
6005,狗头军师
6006,神思恍惚
6007,徐娘半老
6008,贵在知心
6009,驽马十驾
6010,佶屈聱牙
6011,以古为镜
6012,引以为耻
6013,鼎足之势
6014,称心满意
6015,不值一哂
6016,藏头露尾
6017,芬芳馥郁
6018,危急存亡
6019,私心杂念
6020,百读不厌
6021,借坡下驴
6022,儿女情长
6023,篡党夺权
6024,草草收兵
6025,太平盛世
6026,将功赎罪
6027,刁钻古怪
6028,四方八面
6029,不识好歹
6030,得意之色
6031,十二万分
6032,弃如敝屣
6033,火上添油
6034,相煎何急
6035,洞察秋毫
6036,两虎相争
6037,弥天大祸
6038,稍胜一筹
6039,喃喃细语
6040,残兵败将
6041,悠游自在
6042,大吹大擂
6043,送旧迎新
6044,漫天开价
6045,蜚短流长
6046,聚讼纷纭
6047,一物不知
6048,深恶痛疾
6049,餐风露宿
6050,一孔之见
6051,屡次三番
6052,大谬不然
6053,贪小失大
6054,百足之虫
6055,轻于鸿毛
6056,于今为烈
6057,丢盔卸甲
6058,雍容典雅
6059,六根清净
6060,无从置喙
6061,排难解纷
6062,诗礼传家
6063,非分之想
6064,驻颜有术
6065,白手兴家
6066,宽大为怀
6067,以夷制夷
6068,后悔不及
6069,晓风残月
6070,金口玉言
6071,脉脉含情
6072,神不守舍
6073,戴高帽子
6074,丑态毕露
6075,崛地而起
6076,少安毋躁
6077,涕泪交加
6078,森严壁垒
6079,不足为据
6080,坦然自若
6081,酒囊饭袋
6082,相反相成
6083,急如星火
6084,妇人之仁
6085,夜不成寐
6086,新来乍到
6087,血染沙场
6088,不求闻达
6089,不生不灭
6090,不蔓不枝
6091,史不绝书
6092,撒豆成兵
6093,峨冠博带
6094,一抔黄土
6095,杀鸡骇猴
6096,首善之地
6097,饱经忧患
6098,脸红耳赤
6099,法不阿贵
6100,期期艾艾
6101,缩衣节食
6102,轻装简从
6103,所费不赀
6104,积毁销骨
6105,唾面自干
6106,浩浩汤汤
6107,真伪莫辨
6108,福无双至
6109,猜拳行令
6110,不无小补
6111,勇者不惧
6112,青灯黄卷
6113,官样文章
6114,转忧为喜
6115,心焦如焚
6116,一枕黄粱
6117,逢山开道
6118,意在言外
6119,宝马香车
6120,追根求源
6121,铁嘴钢牙
6122,借贷无门
6123,放纵不羁
6124,倏忽之间
6125,开国元老
6126,命里注定
6127,一笑一颦
6128,三宫六院
6129,金刚怒目
6130,余味无穷
6131,文采风流
6132,众口相传
6133,五里雾中
6134,老羞成怒
6135,天不作美
6136,犯上作乱
6137,知人论世
6138,数见不鲜
6139,言笑晏晏
6140,骨肉至亲
6141,整军经武
6142,天清气朗
6143,拒人千里
6144,绳锯木断
6145,打铁趁热
6146,艰深晦涩
6147,恒河沙数
6148,旁枝末节
6149,面如死灰
6150,不避艰险
6151,少不经事
6152,无隙可乘
6153,酒肉朋友
6154,闭门读书
6155,三拳两脚
6156,谆谆善诱
6157,以守为攻
6158,狼心狗肺
6159,过路财神
6160,霞光万道
6161,驰名天下
6162,离合悲欢
6163,亦复如是
6164,见利思义
6165,父母之邦
6166,万里长征
6167,血泪斑斑
6168,何足挂齿
6169,稀世之宝
6170,议论纷纭
6171,进道若退
6172,迁怒于人
6173,豺狼虎豹
6174,百废俱兴
6175,半文半白
6176,掎角之势
6177,别有天地
6178,惊慌失色
6179,大有可观
6180,要而言之
6181,恻隐之心
6182,栉比鳞次
6183,岁月不居
6184,无始无终
6185,夹枪带棒
6186,曲不离口
6187,旷世奇才
6188,香车宝马
6189,寓情于景
6190,狗屁不通
6191,弃旧图新
6192,深宅大院
6193,凭空捏造
6194,趑趄不前
6195,四肢百骸
6196,莫可名状
6197,截长补短
6198,痛入骨髓
6199,兔死狗烹
6200,哀兵必胜
6201,仰之弥高
6202,苦海无边
6203,别出新意
6204,形销骨立
6205,一日三省
6206,位极人臣
6207,荒唐无稽
6208,雪泥鸿爪
6209,存而不论
6210,临渴掘井
6211,生死不渝
6212,莫测高深
6213,东游西逛
6214,酒色财气
6215,寻章摘句
6216,开门揖盗
6217,文房四宝
6218,风月无边
6219,寝不安席
6220,纷纷攘攘
6221,再三再四
6222,从容自若
6223,安如泰山
6224,志大才疏
6225,油光可鉴
6226,斩关夺隘
6227,若明若暗
6228,瞒上欺下
6229,愧不敢当
6230,清闲自在
6231,剑及履及
6232,豪放不羁
6233,人情世态
6234,冷血动物
6235,囊萤映雪
6236,大得人心
6237,一口一声
6238,下笔千言
6239,贼头贼脑
6240,余音缭绕
6241,一往而深
6242,弥天大罪
6243,显露头角
6244,沉郁顿挫
6245,千金一诺
6246,争妍斗艳
6247,大喊大叫
6248,拉拉杂杂
6249,密不通风
6250,为人作嫁
6251,风流云散
6252,姑妄言之
6253,予取予夺
6254,滴水成河
6255,江天一色
6256,油光水滑
6257,万万千千
6258,蛇蝎心肠
6259,日月经天
6260,临机应变
6261,步人后尘
6262,索然寡味
6263,大发议论
6264,薪尽火传
6265,异香扑鼻
6266,抚今思昔
6267,兵多将广
6268,老之将至
6269,俯仰无愧
6270,言出法随
6271,巫山云雨
6272,再造之恩
6273,大中至正
6274,天差地远
6275,独往独来
6276,说东道西
6277,兵无常势
6278,不揣冒昧
6279,笔酣墨饱
6280,东摇西摆
6281,不容置辩
6282,乐而不淫
6283,百岁之后
6284,誓死不屈
6285,能者为师
6286,视死如生
6287,生财之道
6288,浪迹江湖
6289,东游西荡
6290,不测之忧
6291,加油添醋
6292,牛高马大
6293,爱财如命
6294,管鲍之交
6295,入地无门
6296,恩怨分明
6297,和光同尘
6298,骨肉离散
6299,顿足捶胸
6300,虱多不痒
6301,相机行事
6302,好善乐施
6303,宾客如云
6304,来者可追
6305,摇唇鼓舌
6306,含英咀华
6307,自我陶醉
6308,炼石补天
6309,安步当车
6310,昼伏夜行
6311,骨肉相残
6312,对症之药
6313,自我吹嘘
6314,自出机杼
6315,来回来去
6316,瞬息之间
6317,密密层层
6318,诱敌深入
6319,程门立雪
6320,风土人情
6321,人之常情
6322,杜鹃啼血
6323,饿虎扑食
6324,旧调重弹
6325,周公吐哺
6326,名重一时
6327,载沉载浮
6328,无人之地
6329,蓬生麻中
6330,富商大贾
6331,竖子成名
6332,一笔抹杀
6333,膏腴之地
6334,道路以目
6335,推三推四
6336,胸无点墨
6337,误入歧途
6338,舍己为公
6339,瘦骨如柴
6340,妙手偶得
6341,顾盼生姿
6342,放马后炮
6343,卓然不群
6344,诸恶莫作
6345,人弃我取
6346,浓眉大眼
6347,外方内圆
6348,杳如黄鹤
6349,酒后无德
6350,断线风筝
6351,十目所视
6352,芝兰之室
6353,吹牛拍马
6354,荦荦大者
6355,钻心刺骨
6356,无可名状
6357,三十六行
6358,鼎新革故
6359,小户人家
6360,尖嘴猴腮
6361,碎尸万段
6362,无所不晓
6363,谓予不信
6364,人间天上
6365,焚林而猎
6366,舍身为国
6367,无风起浪
6368,茫无头绪
6369,五行八作
6370,风行草偃
6371,适逢其会
6372,奇光异彩
6373,瓦釜雷鸣
6374,败军之将
6375,落落大方
6376,外刚内柔
6377,直认不讳
6378,急赤白脸
6379,众怒难犯
6380,白璧无瑕
6381,弃若敝屣
6382,仁义之师
6383,名山胜水
6384,白色恐怖
6385,昏头转向
6386,疮痍满目
6387,龙潭虎穴
6388,顺时而动
6389,皇天后土
6390,香火不绝
6391,沐猴而冠
6392,露水夫妻
6393,功高震主
6394,江河行地
6395,山南海北
6396,沧海遗珠
6397,油头粉面
6398,拈花微笑
6399,人面兽心
6400,抽刀断水
6401,嘻皮笑脸
6402,梅妻鹤子
6403,云中白鹤
6404,婆娑起舞
6405,人心大快
6406,捉刀代笔
6407,屏声静气
6408,表里一致
6409,深山幽谷
6410,焚琴煮鹤
6411,稗官野史
6412,花花世界
6413,恶声恶气
6414,不情之请
6415,流水无情
6416,万死不辞
6417,下车伊始
6418,长乐未央
6419,流离颠沛
6420,不违农时
6421,游目骋怀
6422,黯然伤神
6423,扬名四海
6424,天兵天将
6425,人情之常
6426,过门不入
6427,创巨痛深
6428,超凡入圣
6429,成败利钝
6430,东征西讨
6431,千依百顺
6432,追根问底
6433,血盆大口
6434,串亲访友
6435,耸入云霄
6436,进德修业
6437,盘根问底
6438,君子固穷
6439,过河卒子
6440,忍辱偷生
6441,有进无退
6442,八万四千
6443,衣锦夜行
6444,人心难测
6445,非同儿戏
6446,大题小做
6447,敬若神明
6448,罪魁祸首
6449,挂冠求去
6450,千难万苦
6451,小手小脚
6452,千姿万态
6453,鲸吞蚕食
6454,一误再误
6455,玉洁冰清
6456,视为知己
6457,不见经传
6458,一掷百万
6459,风吹云散
6460,克己慎行
6461,喟然长叹
6462,蚍蜉撼树
6463,知止不殆
6464,芙蓉出水
6465,转悲为喜
6466,大张声势
6467,断井颓垣
6468,风中之烛
6469,多言多语
6470,卖文为生
6471,民生在勤
6472,没轻没重
6473,持盈保泰
6474,清风两袖
6475,大放悲声
6476,视民如伤
6477,四时八节
6478,威风扫地
6479,一时三刻
6480,迟疑不定
6481,梦幻泡影
6482,慨然应允
6483,人来客往
6484,形只影单
6485,虎口逃生
6486,骄兵必败
6487,穷极无聊
6488,顾盼自雄
6489,以古喻今
6490,窥豹一斑
6491,传诵一时
6492,地覆天翻
6493,不识大体
6494,治丝益棼
6495,知命之年
6496,指腹为婚
6497,由衷之言
6498,绝路逢生
6499,甘居人后
6500,终成泡影
6501,临事而惧
6502,呵欠连天
6503,行成于思
6504,鸾凤和鸣
6505,口出不逊
6506,一蹴可几
6507,气喘如牛
6508,计上心头
6509,形格势禁
6510,险遭不测
6511,连战皆捷
6512,吉人天相
6513,犁庭扫穴
6514,安邦治国
6515,穿红着绿
6516,肆虐横行
6517,激昂慷慨
6518,鞍马劳顿
6519,爽心悦目
6520,取精用宏
6521,以古为鉴
6522,慷慨赴义
6523,中外合璧
6524,目无尊长
6525,假仁假义
6526,规行矩步
6527,漫天遍野
6528,眼明心亮
6529,穷山僻壤
6530,瞠乎其后
6531,麻姑献寿
6532,一无所求
6533,载舟覆舟
6534,民贵君轻
6535,选贤举能
6536,事出无奈
6537,小时了了
6538,星星点点
6539,骨鲠在喉
6540,和气致祥
6541,空谷足音
6542,文理不通
6543,孺子可教
6544,坐拥书城
6545,如坐春风
6546,乱臣贼子
6547,未为不可
6548,千秋万世
6549,头角峥嵘
6550,七步成诗
6551,迎神赛会
6552,丝竹管弦
6553,怀璧其罪
6554,天理昭昭
6555,纡尊降贵
6556,不徐不疾
6557,羽毛丰满
6558,黄口小儿
6559,临深履薄
6560,水碧山青
6561,易地而处
6562,残渣余孽
6563,留恋不舍
6564,开科取士
6565,漫无止境
6566,意义深长
6567,臧否人物
6568,仓皇失措
6569,牛之一毛
6570,履险如夷
6571,食言而肥
6572,成千成万
6573,历历可见
6574,求神问卜
6575,操纵自如
6576,老王卖瓜
6577,殚精竭力
6578,不知所言
6579,反哺之情
6580,三朋四友
6581,塞北江南
6582,目迷五色
6583,有案可稽
6584,挖肉补疮
6585,切磋琢磨
6586,出师有名
6587,饕餮之徒
6588,年高德劭
6589,江汉朝宗
6590,逐句逐字
6591,观者云集
6592,一隅之地
6593,观者如堵
6594,五马分尸
6595,旦夕之间
6596,欺人之谈
6597,进身之阶
6598,五短身材
6599,扬清抑浊
6600,刀光血影
6601,以管窥豹
6602,荒淫无道
6603,瓮声瓮气
6604,擒贼擒王
6605,不可言状
6606,亢龙有悔
6607,怨天怨地
6608,自由泛滥
6609,无功受禄
6610,放浪不羁
6611,鹅毛大雪
6612,毫无逊色
6613,风行水上
6614,高头讲章
6615,一言中的
6616,出于意外
6617,贫贱不移
6618,慨当以慷
6619,础润而雨
6620,名士风流
6621,抑郁寡欢
6622,听其自然
6623,肤如凝脂
6624,黄钟毁弃
6625,杳无人迹
6626,百折不屈
6627,千峰万壑
6628,忧谗畏讥
6629,见风转舵
6630,免开尊口
6631,夫贵妻荣
6632,存亡续绝
6633,一瓣心香
6634,踌躇不决
6635,百折千回
6636,乘隙而入
6637,面无人色
6638,青山不老
6639,黑白混淆
6640,富贵逼人
6641,口含天宪
6642,李广难封
6643,博学多闻
6644,知足不辱
6645,鬼头鬼脑
6646,初生之犊
6647,仰不愧天
6648,吴头楚尾
6649,半壁河山
6650,不差毫厘
6651,犀牛望月
6652,杯中之物
6653,杳无消息
6654,宠辱皆忘
6655,含血喷人
6656,牛头马面
6657,马前泼水
6658,诚心正意
6659,沦落风尘
6660,才德兼备
6661,田连阡陌
6662,天理人情
6663,百弊丛生
6664,可乘之隙
6665,万贯家财
6666,恩威并重
6667,玉液琼浆
6668,迟疑观望
6669,夙夜匪懈
6670,画栋雕梁
6671,寂然无声
6672,笨嘴拙舌
6673,一箭之地
6674,欲扬先抑
6675,吉日良辰
6676,朗朗乾坤
6677,肉眼凡胎
6678,求过于供
6679,青灯古佛
6680,铜壶滴漏
6681,泥古不化
6682,慷慨激扬
6683,装潢门面
6684,薄技在身
6685,目不忍视
6686,不关痛痒
6687,罚不当罪
6688,谈天论地
6689,名实相副
6690,不差上下
6691,关心民瘼
6692,睥睨一切
6693,母以子贵
6694,经纬万端
6695,惩一儆百
6696,梦笔生花
6697,草率从事
6698,酒绿灯红
6699,月圆花好
6700,知遇之恩
6701,略窥一斑
6702,奇花异卉
6703,好骑者堕
6704,左右两难
6705,人心叵测
6706,三心两意
6707,九死不悔
6708,飞珠溅玉
6709,出乖露丑
6710,天王老子
6711,大度包容
6712,翩翩公子
6713,心神恍惚
6714,人多口杂
6715,庐山真面
6716,鼻孔朝天
6717,一悲一喜
6718,避难就易
6719,活龙活现
6720,晕晕沉沉
6721,解民倒悬
6722,不知肉味
6723,报仇雪耻
6724,鸟尽弓藏
6725,小惩大诫
6726,饱以老拳
6727,权倾天下
6728,未竟之志
6729,手脚干净
6730,不改其乐
6731,大肆铺张
6732,刻画入微
6733,东扯西拉
6734,曲意迎合
6735,三寸之舌
6736,铁马金戈
6737,洒扫应对
6738,冯唐易老
6739,肉食者鄙
6740,识途老马
6741,天堂地狱
6742,仆仆风尘
6743,漫天叫价
6744,铁画银钩
6745,啼饥号寒
6746,涕泗横流
6747,饶有风趣
6748,日暮途穷
6749,负重致远
6750,徒托空言
6751,月白风清
6752,付诸一笑
6753,声气相通
6754,追风逐日
6755,教导有方
6756,苟且偷安
6757,相忍为国
6758,枭首示众
6759,久闻大名
6760,国富民安
6761,骇浪惊涛
6762,月晕而风
6763,吟风弄月
6764,雪里送炭
6765,如之奈何
6766,茫然若失
6767,翩翩风度
6768,半生半熟
6769,五劳七伤
6770,杯觥交错
6771,天不假年
6772,整旧如新
6773,东藏西躲
6774,开合自如
6775,风刀霜剑
6776,胶柱鼓瑟
6777,龙精虎猛
6778,性命交关
6779,半饥半饱
6780,不可胜计
6781,大地春回
6782,民膏民脂
6783,脸红耳热
6784,鬼话连篇
6785,惟精惟一
6786,恍如梦境
6787,迁客骚人
6788,人欢马叫
6789,威震天下
6790,吐气扬眉
6791,卑鄙龌龊
6792,心急如火
6793,鼻青眼肿
6794,一丘一壑
6795,老僧入定
6796,官官相卫
6797,勇冠三军
6798,信赏必罚
6799,憎爱分明
6800,一言兴邦
6801,桂子飘香
6802,以勤补拙
6803,离情别绪
6804,市井无赖
6805,悠悠荡荡
6806,量才录用
6807,不露锋芒
6808,宦海浮沉
6809,清新俊逸
6810,英姿焕发
6811,话里带刺
6812,有隙可乘
6813,风清月朗
6814,月满则亏
6815,百万雄兵
6816,举措失当
6817,民不畏死
6818,残汤剩饭
6819,好生之德
6820,不贪为宝
6821,喘息未定
6822,一命归西
6823,不服水土
6824,博采众议
6825,乐业安居
6826,酒醉饭饱
6827,富贵不淫
6828,宜室宜家
6829,言简意深
6830,陈陈相因
6831,缩头缩脑
6832,打躬作揖
6833,面有菜色
6834,桑间濮上
6835,偶一为之
6836,心旌摇曳
6837,引以为憾
6838,将功折罪
6839,片瓦不留
6840,丈二和尚
6841,扇枕温衾
6842,藏之名山
6843,王祥卧冰
6844,柔肠百转
6845,从宽发落
6846,音信杳无
6847,等因奉此
6848,生而知之
6849,明珠暗投
6850,秋月春风
6851,奉为楷模
6852,香草美人
6853,殿堂楼阁
6854,一路货色
6855,乐以忘忧
6856,因循苟且
6857,金鼓齐鸣
6858,嚣张一时
6859,男女老幼
6860,神闲气定
6861,允执厥中
6862,狂涛骇浪
6863,有负众望
6864,横眉怒目
6865,孤儿寡妇
6866,武艺超群
6867,搬石砸脚
6868,相时而动
6869,慎始敬终
6870,大人先生
6871,乱世英雄
6872,有财有势
6873,齐驱并进
6874,严于律已
6875,福地洞天
6876,寻幽探胜
6877,烽火四起
6878,光风霁月
6879,齐家治国
6880,亡国之音
6881,关山阻隔
6882,千古罪人
6883,昂头挺胸
6884,榆木疙瘩
6885,儿女之情
6886,餐风饮露
6887,无踪无影
6888,剜肉补疮
6889,清风朗月
6890,逸趣横生
6891,出敌不意
6892,怙恶不悛
6893,朝生暮死
6894,将本求利
6895,以心传心
6896,摧眉折腰
6897,治国安民
6898,味如嚼蜡
6899,涕泪交流
6900,吉凶未卜
6901,千古不朽
6902,拈花一笑
6903,神完气足
6904,贿赂公行
6905,却之不恭
6906,星月交辉
6907,聊备一格
6908,各有所短
6909,喜逐颜开
6910,过目成诵
6911,无边无垠
6912,日月无光
6913,凌云之志
6914,哀哀父母
6915,脚不点地
6916,求贤如渴
6917,荦荦大端
6918,门户之争
6919,一字之师
6920,安如磐石
6921,降尊纡贵
6922,南征北讨
6923,羊续悬鱼
6924,满脸春风
6925,绝世佳人
6926,颠簸不破
6927,急人之困
6928,为渊驱鱼
6929,竭忠尽智
6930,墙头马上
6931,相煎太急
6932,出师无名
6933,纵虎归山
6934,不咎既往
6935,存心不良
6936,毁誉不一
6937,万应灵药
6938,凤凰来仪
6939,傻头傻脑
6940,年深月久
6941,张皇失措
6942,卧床不起
6943,众寡悬殊
6944,言必有据
6945,不顾死活
6946,山鸣谷应
6947,国而忘家
6948,郁郁不乐
6949,一身二任
6950,瓜瓞绵绵
6951,胜友如云
6952,桃花流水
6953,枝节横生
6954,抚掌大笑
6955,残花败柳
6956,探赜索隐
6957,诗酒风流
6958,济困扶危
6959,知足知止
6960,永生永世
6961,苦心积虑
6962,济世安邦
6963,超然独立
6964,将门虎子
6965,竹篱茅舍
6966,臭名昭彰
6967,粉妆玉砌
6968,鸢飞鱼跃
6969,片瓦无存
6970,案牍劳形
6971,片言只字
6972,丰姿绰约
6973,春风雨露
6974,光焰万丈
6975,笔下生花
6976,豺狼当道
6977,别无长物
6978,涂炭生灵
6979,不厌其详
6980,丹青妙手
6981,叨陪末座
6982,犬马之劳
6983,没头没脸
6984,万古长存
6985,间不容发
6986,气壮如牛
6987,十年生聚
6988,损己利人
6989,道骨仙风
6990,推本溯源
6991,万事亨通
6992,腹心之疾
6993,齐烟九点
6994,告贷无门
6995,诸子百家
6996,骑马找马
6997,满坑满谷
6998,擦脂抹粉
6999,陌路相逢
7000,倾城倾国
7001,不知进退
7002,无头无尾
7003,卖身投靠
7004,不虞之誉
7005,粉妆玉琢
7006,骚人墨客
7007,一无可取
7008,扶弱抑强
7009,丹心碧血
7010,言近旨远
7011,傲霜斗雪
7012,子曰诗云
7013,抑强扶弱
7014,不立文字
7015,爱钱如命
7016,三三五五
7017,神工鬼斧
7018,秋风落叶
7019,万应灵丹
7020,挫骨扬灰
7021,信笔涂鸦
7022,沉思默想
7023,厚今薄古
7024,匹夫无罪
7025,洪福齐天
7026,铭记不忘
7027,泛泛之谈
7028,轻诺寡信
7029,群而不党
7030,百媚千娇
7031,淡妆浓抹
7032,落落寡合
7033,荒淫无耻
7034,悔之不及
7035,兵连祸结
7036,旧瓶新酒
7037,惊喜若狂
7038,万目睽睽
7039,相逢恨晚
7040,井井有序
7041,朝乾夕惕
7042,天随人愿
7043,兴致索然
7044,多嘴多舌
7045,旷古未有
7046,饮马长江
7047,群起效尤
7048,救灾恤患
7049,蚁穴溃堤
7050,穷愁潦倒
7051,穷形尽相
7052,不亢不卑
7053,前程万里
7054,历历可数
7055,信口胡言
7056,骂不绝口
7057,褒衣博带
7058,纲纪废弛
7059,应付裕如
7060,食而不化
7061,以身报国
7062,铮铮有声
7063,招降纳叛
7064,坚苦卓绝
7065,居无求安
7066,应对如流
7067,杀鸡吓猴
7068,天公地道
7069,举贤任能
7070,无事生事
7071,顺水顺风
7072,一字千钧
7073,乘热打铁
7074,超群出众
7075,取义成仁
7076,稳操胜算
7077,一代楷模
7078,福至心灵
7079,安内攘外
7080,你唱我和
7081,燕瘦环肥
7082,报应不爽
7083,呢喃细语
7084,穷寇莫追
7085,贪天之功
7086,现世现报
7087,不世之功
7088,手胼足胝
7089,一笔抹煞
7090,不可终日
7091,狂风怒号
7092,丛山峻岭
7093,隐恶扬善
7094,流水行云
7095,秀才造反
7096,行己有耻
7097,劈风斩浪
7098,出入人罪
7099,琴心剑胆
7100,不欺暗室
7101,后生小子
7102,曲突徙薪
7103,雨淋日晒
7104,韦编三绝
7105,沉滓泛起
7106,讷言敏行
7107,何足为奇
7108,耐人咀嚼
7109,出没无常
7110,一身是胆
7111,落拓不羁
7112,勃然变色
7113,奔走呼号
7114,反骄破满
7115,骨肉团圆
7116,北门锁钥
7117,人心惟危
7118,浅斟低唱
7119,大张挞伐
7120,与民更始
7121,逸兴遄飞
7122,仁民爱物
7123,济世安民
7124,残暴不仁
7125,袅袅娜娜
7126,倾盆大雨
7127,面红耳热
7128,久经风霜
7129,七折八扣
7130,独运匠心
7131,水月观音
7132,羚羊挂角
7133,百端待举
7134,仙山琼阁
7135,眼尖手快
7136,削职为民
7137,人中之龙
7138,风流潇洒
7139,康庄大道
7140,半新半旧
7141,世代书香
7142,没齿不忘
7143,咸与维新
7144,何足道哉
7145,白衣秀士
7146,弦外之意
7147,梨园子弟
7148,补偏救弊
7149,珍馐美馔
7150,非分之财
7151,看风使舵
7152,牵牛织女
7153,近在眉睫
7154,冷水浇头
7155,惊才绝艳
7156,尧天舜日
7157,一切众生
7158,至亲骨肉
7159,破玩意儿
7160,扬清激浊
7161,横槊赋诗
7162,如花似锦
7163,良知良能
7164,天地不容
7165,八府巡按
7166,公诸同好
7167,顺水行舟
7168,鼎足而三
7169,改名易姓
7170,里勾外连
7171,胸有丘壑
7172,万里鹏程
7173,力不能支
7174,怒形于色
7175,优胜劣败
7176,贻人口实
7177,达官显宦
7178,粗通文墨
7179,如是我闻
7180,绿叶成荫
7181,小试锋芒
7182,改过迁善
7183,惊喜交集
7184,不知其详
7185,授受不亲
7186,翻箱倒箧
7187,不古不今
7188,攻其无备
7189,不甘后人
7190,聪明一世
7191,老弱残兵
7192,依法炮制
7193,习非成是
7194,天理良心
7195,功名富贵
7196,一画开天
7197,水月镜花
7198,吴带当风
7199,七擒七纵
7200,勾魂摄魄
7201,连日连夜
7202,渔人之利
7203,如鸟兽散
7204,不安于室
7205,悔罪自新
7206,如芒刺背
7207,日丽风和
7208,存亡绝续
7209,见机而作
